Loan_ID,Age,Employment_Type,Annual_Income_INR,Credit_Score,Loan_Purpose,Loan_Amount_INR,Loan_Term_Months,Existing_Loans,Debt_to_Income_Ratio,Interest_Rate_Pct,Region,Loan_Status,Default_Flag
LN100001,28,Business Owner,772800,648,Home,285000,12,1,38.1,12.2,South,Rejected,No
LN100002,22,Salaried,592400,705,Vehicle,859000,60,1,39.5,12.2,North,Rejected,No
LN100003,46,Business Owner,272300,672,Medical,285000,12,1,45.7,12.51,West,Rejected,No
LN100004,48,Self-Employed,653400,771,Personal,595000,84,0,24.4,12.0,North,Rejected,No
LN100005,51,Salaried,354800,689,Vehicle,202000,48,0,31.6,12.1,Central,Rejected,No
LN100006,59,Student,152860,745,Education,271000,48,4,24.4,11.86,East,Approved,No
LN100007,40,Business Owner,700800,713,Home,930000,36,4,34.0,12.09,North,Rejected,No
LN100008,54,Business Owner,850100,609,Education,1209000,60,0,22.7,13.5,Central,Rejected,No
LN100009,49,Salaried,868400,694,Home,1222000,24,3,26.9,11.73,North,Approved,No
LN100010,32,Salaried,888000,620,Home,970000,60,0,27.0,12.33,West,Rejected,No
LN100011,54,Salaried,224500,693,Home,381000,48,4,35.5,12.69,South,Rejected,No
LN100012,23,Business Owner,307500,652,Education,336000,60,1,32.0,12.19,East,Rejected,No
LN100013,44,Self-Employed,1924500,725,Home,1894000,72,0,38.1,12.33,West,Approved,No
LN100014,58,Business Owner,365400,613,Medical,207000,24,1,30.7,14.33,North,Rejected,No
LN100015,47,Salaried,909500,701,Home,527000,24,2,25.0,11.16,West,Approved,No
LN100016,58,Salaried,445500,737,Vehicle,603000,48,1,34.3,12.86,North,Rejected,No
LN100017,23,Self-Employed,679100,759,Business,454000,60,1,21.0,10.93,West,Approved,No
LN100018,42,Salaried,458800,650,Home,614000,12,2,38.8,13.53,North,Approved,No
LN100019,52,Business Owner,885200,701,Vehicle,1522000,60,0,28.6,12.41,North,Approved,No
LN100020,46,Self-Employed,700800,712,Business,593000,60,0,34.5,12.41,North,Rejected,No
LN100021,56,Business Owner,508000,801,Personal,135000,60,1,34.6,11.18,East,Rejected,No
LN100022,39,Salaried,364800,604,Education,450000,60,0,51.2,13.1,Central,Rejected,No
LN100023,48,Student,202030,641,Personal,25000,12,1,36.6,12.11,Central,Approved,No
LN100024,37,Business Owner,333600,850,Personal,480000,36,0,32.9,10.85,West,Approved,No
LN100025,55,Business Owner,822300,682,Vehicle,817000,60,1,23.7,11.83,West,Rejected,No
LN100026,25,Salaried,2756000,577,Home,2570000,48,2,41.6,13.38,Central,Rejected,No
LN100027,31,Salaried,1365900,662,Home,1459000,60,1,28.8,11.26,East,Rejected,No
LN100028,24,Salaried,964900,520,Business,944000,84,0,13.7,13.02,South,Approved,No
LN100029,49,Salaried,620100,716,Vehicle,403000,12,1,29.7,12.72,West,Approved,No
LN100030,30,Self-Employed,223800,753,Home,129000,48,2,34.3,12.32,North,Rejected,No
LN100031,33,Business Owner,314100,641,Personal,253000,36,2,22.2,12.27,West,Rejected,No
LN100032,54,Student,241946,669,Medical,392000,24,2,30.6,14.03,South,Approved,No
LN100033,35,Salaried,421000,760,Home,139000,84,1,31.1,11.12,South,Approved,No
LN100034,26,Salaried,442500,586,Home,289000,84,0,31.3,12.86,Central,Approved,No
LN100035,21,Salaried,593400,614,Vehicle,253000,36,1,46.8,12.07,North,Approved,No
LN100036,30,Salaried,362400,685,Personal,299000,84,0,16.3,11.47,Central,Approved,No
LN100037,57,Salaried,331000,651,Vehicle,108000,12,0,56.4,14.28,Central,Rejected,No
LN100038,42,Salaried,632200,681,Business,881000,84,2,31.6,11.91,East,Approved,No
LN100039,60,Salaried,398100,618,Home,110000,72,1,39.0,11.79,West,Rejected,No
LN100040,29,Self-Employed,432400,714,Vehicle,532000,36,2,33.5,12.56,North,Rejected,No
LN100041,35,Salaried,423000,690,Vehicle,235000,60,2,11.3,11.86,South,Approved,No
LN100042,27,Business Owner,866300,736,Vehicle,782000,60,0,19.3,12.0,Central,Approved,No
LN100043,36,Self-Employed,572100,713,Vehicle,252000,36,1,25.7,11.56,North,Rejected,No
LN100044,43,Salaried,589200,713,Business,790000,36,1,43.9,11.51,South,Approved,Yes
LN100045,53,Business Owner,902600,606,Education,1545000,60,3,15.4,12.23,South,Rejected,No
LN100046,35,Business Owner,601200,732,Personal,287000,24,2,21.7,11.9,West,Approved,No
LN100047,51,Salaried,557800,678,Home,960000,24,1,34.0,12.2,West,Approved,No
LN100048,46,Salaried,841900,689,Personal,550000,36,1,37.7,12.53,North,Approved,No
LN100049,32,Self-Employed,938700,768,Vehicle,984000,60,1,37.3,11.24,North,Rejected,No
LN100050,57,Salaried,599500,653,Personal,775000,36,0,20.2,12.4,West,Approved,No
LN100051,38,Salaried,679500,788,Home,298000,60,1,12.8,10.84,North,Approved,No
LN100052,27,Salaried,422800,794,Medical,362000,24,0,38.5,10.94,South,Approved,No
LN100053,59,Business Owner,404900,749,Medical,87000,24,1,49.2,12.16,North,Rejected,No
LN100054,57,Self-Employed,992300,636,Business,1275000,60,3,27.9,12.16,West,Approved,No
LN100055,22,Self-Employed,830200,558,Business,671000,24,0,18.3,13.25,North,Rejected,No
LN100056,57,Business Owner,835000,770,Home,1349000,60,1,26.8,11.95,South,Approved,No
LN100057,58,Salaried,758600,707,Personal,429000,48,2,36.7,12.44,East,Approved,No
LN100058,54,Self-Employed,666700,652,Education,1113000,60,1,29.2,11.19,North,Rejected,No
LN100059,31,Salaried,953400,776,Business,324000,36,1,48.9,11.16,Central,Approved,No
LN100060,46,Salaried,1087100,644,Home,1230000,72,1,43.1,12.3,Central,Rejected,No
LN100061,42,Self-Employed,1072900,672,Education,669000,12,2,34.2,11.75,West,Rejected,No
LN100062,45,Salaried,615000,734,Personal,252000,72,3,8.5,10.79,South,Approved,No
LN100063,45,Self-Employed,1393800,628,Home,362000,36,1,23.7,13.04,North,Approved,No
LN100064,46,Business Owner,737000,693,Personal,895000,12,1,25.4,12.41,East,Approved,No
LN100065,41,Self-Employed,920400,771,Education,457000,60,1,23.0,10.94,South,Approved,No
LN100066,48,Self-Employed,759100,714,Personal,815000,36,1,34.3,12.38,East,Approved,No
LN100067,42,Self-Employed,744600,781,Business,1314000,48,0,34.5,11.67,North,Approved,No
LN100068,21,Salaried,433700,774,Personal,276000,72,0,11.9,10.91,West,Approved,No
LN100069,22,Salaried,956000,701,Education,152000,60,1,41.7,13.06,South,Rejected,No
LN100070,59,Salaried,3108500,548,Home,1066000,60,2,32.2,12.78,East,Approved,No
LN100071,57,Salaried,528900,628,Home,160000,84,0,36.3,12.75,North,Approved,No
LN100072,44,Salaried,675900,750,Home,600000,48,1,40.9,11.11,South,Approved,No
LN100073,27,Business Owner,508500,599,Personal,695000,12,0,22.8,11.9,South,Approved,No
LN100074,52,Salaried,497000,679,Vehicle,300000,72,2,47.1,11.62,South,Rejected,No
LN100075,26,Salaried,1519900,722,Education,529000,36,1,30.3,11.12,Central,Approved,No
LN100076,36,Salaried,448900,796,Education,534000,24,1,50.2,11.77,South,Approved,No
LN100077,34,Salaried,500800,663,Medical,306000,12,1,21.3,11.84,North,Rejected,No
LN100078,21,Self-Employed,271500,658,Home,293000,36,0,49.3,12.6,East,Rejected,No
LN100079,53,Self-Employed,428500,697,Education,723000,36,0,21.2,11.57,South,Approved,No
LN100080,41,Business Owner,254000,723,Vehicle,151000,36,0,62.6,13.85,Central,Rejected,No
LN100081,33,Self-Employed,920100,690,Home,894000,60,1,20.6,11.02,North,Rejected,No
LN100082,41,Salaried,3031500,768,Medical,4461000,60,2,44.7,10.93,Central,Rejected,No
LN100083,21,Business Owner,531300,648,Home,678000,84,1,27.7,11.74,West,Rejected,No
LN100084,38,Salaried,259900,708,Personal,358000,24,1,40.6,12.13,North,Rejected,No
LN100085,41,Salaried,1066300,729,Personal,1507000,24,1,31.5,12.14,South,Approved,No
LN100086,34,Salaried,435800,674,Business,444000,60,0,18.9,12.34,East,Approved,Yes
LN100087,54,Self-Employed,1328200,755,Personal,1343000,24,0,5.0,11.57,East,Approved,No
LN100088,30,Salaried,556600,710,Business,736000,36,2,62.1,12.62,South,Rejected,No
LN100089,26,Salaried,459200,751,Vehicle,591000,60,1,32.9,11.36,East,Rejected,No
LN100090,42,Salaried,589400,713,Vehicle,730000,60,3,5.0,12.39,West,Approved,No
LN100091,56,Salaried,986100,724,Personal,739000,36,1,35.6,9.97,East,Rejected,No
LN100092,36,Self-Employed,573600,659,Personal,865000,60,1,40.3,12.6,East,Rejected,No
LN100093,22,Salaried,494600,659,Personal,248000,60,1,23.4,12.44,Central,Approved,Yes
LN100094,59,Salaried,582700,780,Education,213000,72,3,23.5,12.48,East,Rejected,No
LN100095,38,Salaried,322900,741,Education,222000,36,2,31.8,10.53,South,Approved,No
LN100096,27,Self-Employed,808600,634,Vehicle,430000,60,1,46.4,12.62,South,Rejected,No
LN100097,45,Salaried,243300,712,Home,299000,60,1,33.2,11.01,North,Approved,No
LN100098,33,Salaried,509100,546,Vehicle,251000,36,1,49.6,12.44,South,Rejected,No
LN100099,58,Salaried,987000,663,Home,1200000,60,2,45.6,12.52,South,Approved,No
LN100100,32,Student,128212,762,Personal,125000,60,1,29.3,12.04,West,Rejected,No
LN100101,43,Business Owner,899300,692,Personal,323000,36,1,13.2,12.46,North,Rejected,No
LN100102,42,Self-Employed,627200,708,Personal,338000,48,1,29.3,11.52,West,Rejected,No
LN100103,30,Salaried,1236900,504,Personal,1221000,48,0,38.3,14.22,North,Rejected,No
LN100104,40,Student,99076,675,Home,133000,60,1,32.7,12.1,North,Rejected,No
LN100105,25,Business Owner,830800,722,Home,646000,12,2,39.6,12.43,South,Approved,No
LN100106,46,Self-Employed,1082600,730,Personal,537000,60,1,42.4,12.85,East,Rejected,No
LN100107,51,Salaried,982100,763,Business,591000,24,1,38.4,11.55,North,Rejected,No
LN100108,59,Salaried,510400,686,Personal,134000,60,1,28.7,12.81,North,Approved,Yes
LN100109,34,Salaried,310400,689,Personal,44000,60,2,38.2,11.42,East,Approved,No
LN100110,32,Business Owner,819100,613,Personal,1437000,60,1,58.8,13.85,South,Rejected,No
LN100111,42,Salaried,877700,687,Personal,232000,60,0,14.1,12.41,South,Rejected,No
LN100112,48,Salaried,1184100,618,Personal,370000,36,1,37.8,13.48,South,Rejected,No
LN100113,60,Salaried,388400,580,Personal,614000,36,1,54.0,12.71,South,Rejected,No
LN100114,22,Self-Employed,394800,629,Home,485000,60,0,17.9,12.1,North,Rejected,No
LN100115,30,Salaried,837100,798,Home,704000,24,1,44.0,11.75,South,Approved,No
LN100116,31,Business Owner,625000,682,Vehicle,752000,60,2,45.6,12.82,East,Rejected,No
LN100117,31,Business Owner,230400,714,Personal,389000,60,3,14.3,11.55,East,Approved,No
LN100118,39,Self-Employed,798900,667,Business,215000,72,2,40.5,13.5,Central,Rejected,No
LN100119,55,Salaried,234700,584,Vehicle,121000,36,0,28.7,11.96,West,Rejected,No
LN100120,22,Self-Employed,386500,761,Education,604000,60,0,31.3,11.35,North,Approved,No
LN100121,53,Self-Employed,1367000,559,Business,1951000,12,4,28.1,11.87,South,Rejected,No
LN100122,45,Self-Employed,1773400,664,Education,3175000,84,1,47.8,13.14,Central,Rejected,No
LN100123,45,Salaried,333100,696,Business,211000,60,0,30.7,12.41,South,Approved,No
LN100124,48,Salaried,542300,715,Home,925000,60,0,26.4,14.11,East,Approved,No
LN100125,25,Salaried,665400,653,Vehicle,455000,60,1,26.6,12.98,West,Rejected,No
LN100126,50,Salaried,1731300,581,Vehicle,2278000,36,1,27.9,13.11,East,Approved,No
LN100127,30,Salaried,495700,648,Education,793000,60,0,19.0,12.29,North,Approved,No
LN100128,41,Salaried,500000,651,Home,195000,72,1,26.3,12.05,North,Rejected,No
LN100129,48,Salaried,1523500,650,Education,685000,24,1,33.4,12.55,North,Approved,Yes
LN100130,45,Self-Employed,528900,763,Vehicle,575000,84,3,36.9,11.84,North,Approved,No
LN100131,33,Salaried,967000,621,Education,1484000,72,0,46.4,11.64,North,Rejected,No
LN100132,36,Business Owner,288500,720,Business,68000,84,2,34.9,12.08,East,Approved,No
LN100133,40,Self-Employed,591600,710,Home,915000,72,0,26.3,11.87,South,Rejected,No
LN100134,22,Salaried,260900,762,Vehicle,178000,36,2,19.9,12.45,North,Approved,No
LN100135,50,Self-Employed,363800,691,Home,288000,60,1,35.5,12.09,North,Rejected,No
LN100136,24,Salaried,1031300,751,Medical,699000,24,1,30.6,11.05,Central,Approved,No
LN100137,39,Student,176200,689,Business,291000,60,1,31.0,12.28,North,Rejected,No
LN100138,47,Salaried,545400,728,Medical,176000,24,1,35.2,11.93,South,Rejected,No
LN100139,24,Business Owner,430600,602,Medical,463000,72,2,38.2,12.87,East,Rejected,No
LN100140,60,Salaried,575700,529,Education,203000,36,3,35.2,12.58,North,Rejected,No
LN100141,36,Salaried,767100,725,Personal,1288000,24,2,30.0,11.67,North,Approved,No
LN100142,21,Salaried,1116100,728,Education,1626000,12,1,22.4,11.16,North,Approved,No
LN100143,47,Business Owner,153400,731,Business,76000,60,1,24.6,11.44,Central,Approved,No
LN100144,43,Self-Employed,411400,666,Vehicle,249000,24,0,42.2,13.06,East,Rejected,No
LN100145,46,Salaried,709400,797,Vehicle,531000,24,4,26.9,10.65,East,Approved,No
LN100146,51,Salaried,615600,670,Medical,486000,24,2,15.8,11.71,Central,Approved,No
LN100147,40,Salaried,811500,727,Business,1209000,36,1,45.9,12.54,East,Rejected,No
LN100148,54,Self-Employed,753000,739,Medical,798000,84,1,20.7,11.24,South,Approved,No
LN100149,35,Salaried,549700,812,Home,455000,48,1,32.4,12.97,East,Approved,No
LN100150,42,Salaried,486500,679,Education,644000,36,1,37.9,12.51,East,Rejected,No
LN100151,27,Business Owner,567900,658,Education,499000,24,1,32.0,11.49,South,Approved,No
LN100152,45,Business Owner,1222700,603,Vehicle,389000,12,2,5.0,11.54,West,Rejected,No
LN100153,31,Salaried,434600,801,Vehicle,123000,36,0,36.7,10.68,North,Approved,No
LN100154,48,Self-Employed,627900,727,Education,411000,24,0,47.9,11.63,North,Rejected,No
LN100155,53,Salaried,719000,729,Business,809000,12,2,41.4,12.4,South,Rejected,No
LN100156,55,Self-Employed,1533300,850,Education,505000,24,1,6.5,9.41,North,Approved,No
LN100157,58,Salaried,551000,721,Personal,570000,36,3,57.5,12.26,Central,Approved,No
LN100158,25,Self-Employed,1101400,615,Business,615000,60,2,16.1,13.11,East,Rejected,No
LN100159,26,Self-Employed,1279900,687,Personal,1641000,12,3,19.1,11.44,North,Rejected,No
LN100160,58,Business Owner,627600,637,Vehicle,93000,60,2,41.4,13.23,East,Approved,No
LN100161,36,Salaried,578900,674,Home,519000,60,2,37.4,11.19,West,Approved,No
LN100162,22,Business Owner,542400,674,Home,102000,72,2,33.0,12.0,South,Approved,No
LN100163,32,Salaried,564700,662,Personal,374000,24,0,25.2,11.54,East,Rejected,No
LN100164,54,Salaried,1039800,609,Vehicle,132000,60,2,48.0,13.36,West,Approved,Yes
LN100165,35,Self-Employed,738100,804,Home,662000,72,6,31.5,10.46,South,Rejected,No
LN100166,24,Salaried,739800,719,Medical,1039000,84,4,13.2,12.85,East,Rejected,No
LN100167,49,Business Owner,350100,685,Personal,95000,72,0,46.8,11.37,East,Rejected,No
LN100168,28,Business Owner,381800,749,Business,515000,24,0,34.6,12.49,West,Rejected,No
LN100169,35,Salaried,2113000,731,Vehicle,2310000,84,0,45.4,12.73,Central,Approved,No
LN100170,21,Student,90606,718,Medical,87000,72,2,38.9,12.27,Central,Rejected,No
LN100171,45,Salaried,424500,745,Home,475000,36,0,60.7,12.42,North,Rejected,No
LN100172,38,Salaried,1428100,709,Home,958000,24,1,28.3,13.16,West,Rejected,No
LN100173,55,Salaried,759000,744,Business,992000,84,0,32.2,13.41,West,Approved,No
LN100174,34,Business Owner,893300,749,Business,1273000,24,0,40.6,11.7,South,Approved,No
LN100175,29,Salaried,602500,711,Vehicle,857000,60,2,28.4,11.96,Central,Rejected,No
LN100176,27,Salaried,545500,686,Home,304000,48,0,41.6,11.99,Central,Approved,No
LN100177,29,Salaried,592100,799,Education,717000,60,0,5.0,9.74,West,Rejected,No
LN100178,39,Student,96989,669,Business,34000,24,2,31.1,12.57,North,Approved,No
LN100179,24,Business Owner,619300,725,Business,584000,60,3,30.8,11.97,North,Approved,No
LN100180,37,Business Owner,764900,727,Vehicle,80000,60,0,30.3,10.64,Central,Rejected,No
LN100181,55,Business Owner,1798500,660,Home,772000,84,0,21.5,12.4,Central,Rejected,No
LN100182,51,Business Owner,681500,647,Personal,800000,24,2,42.9,12.92,South,Rejected,No
LN100183,46,Salaried,180000,677,Personal,286000,24,0,25.9,11.64,South,Approved,No
LN100184,56,Salaried,617300,668,Vehicle,113000,24,0,34.4,11.87,East,Approved,No
LN100185,52,Business Owner,2932800,605,Personal,3078000,12,2,31.6,13.07,North,Approved,No
LN100186,47,Self-Employed,1046800,658,Medical,1238000,84,2,38.0,13.64,East,Rejected,No
LN100187,55,Salaried,416100,717,Education,701000,24,1,49.2,12.6,Central,Approved,No
LN100188,25,Salaried,899700,782,Personal,1092000,36,3,34.3,11.97,South,Approved,No
LN100189,53,Business Owner,432200,736,Personal,119000,72,0,42.1,11.41,West,Approved,No
LN100190,32,Salaried,308700,531,Personal,108000,36,2,33.7,13.13,East,Rejected,No
LN100191,50,Business Owner,536700,742,Business,634000,36,1,25.9,11.96,South,Rejected,No
LN100192,57,Salaried,683600,664,Personal,319000,60,2,30.3,11.32,South,Approved,No
LN100193,40,Salaried,232100,729,Personal,389000,36,2,28.6,11.85,East,Rejected,No
LN100194,24,Business Owner,345500,699,Home,575000,72,1,38.8,12.55,West,Rejected,No
LN100195,35,Salaried,653700,687,Personal,1120000,60,2,33.3,12.13,East,Approved,No
LN100196,37,Salaried,519300,693,Home,311000,36,1,22.5,12.07,Central,Approved,No
LN100197,58,Self-Employed,807600,699,Home,1065000,60,0,29.3,12.01,North,Rejected,No
LN100198,58,Business Owner,333300,787,Vehicle,409000,72,2,13.7,10.44,Central,Approved,No
LN100199,43,Salaried,962700,699,Personal,155000,36,1,29.8,11.15,East,Approved,No
LN100200,59,Salaried,339000,771,Medical,187000,60,1,32.0,11.39,South,Rejected,No
LN100201,38,Business Owner,1604400,761,Personal,724000,48,0,53.7,12.99,North,Rejected,No
LN100202,37,Student,145457,743,Business,106000,60,0,48.2,12.8,South,Rejected,No
LN100203,54,Salaried,356400,584,Vehicle,613000,60,0,19.6,12.4,South,Rejected,No
LN100204,47,Salaried,817700,773,Personal,1257000,12,2,34.4,11.24,Central,Approved,No
LN100205,41,Salaried,1623400,670,Medical,972000,48,1,34.6,12.02,West,Approved,No
LN100206,39,Salaried,773000,747,Vehicle,774000,24,2,29.2,11.27,North,Rejected,No
LN100207,49,Salaried,885800,637,Business,378000,60,1,30.0,12.68,South,Approved,No
LN100208,51,Self-Employed,656300,623,Personal,375000,60,2,27.8,13.28,East,Approved,No
LN100209,40,Salaried,369600,828,Education,78000,36,2,54.5,13.15,Central,Rejected,No
LN100210,22,Salaried,496400,638,Personal,592000,12,1,27.0,11.82,West,Approved,No
LN100211,25,Self-Employed,333800,774,Education,406000,84,2,36.1,11.99,North,Approved,No
LN100212,26,Self-Employed,321700,708,Home,491000,36,0,5.0,11.67,North,Approved,Yes
LN100213,39,Salaried,810700,673,Education,1282000,36,6,41.9,12.26,North,Rejected,No
LN100214,45,Business Owner,350500,697,Home,130000,24,0,46.2,11.69,East,Rejected,No
LN100215,53,Self-Employed,774900,615,Vehicle,1056000,60,2,19.4,12.58,North,Approved,No
LN100216,30,Self-Employed,317700,699,Business,105000,36,2,25.9,13.36,South,Approved,No
LN100217,52,Salaried,765100,630,Vehicle,563000,72,1,37.4,12.91,West,Rejected,No
LN100218,47,Salaried,496800,674,Business,485000,60,0,32.2,11.69,South,Rejected,No
LN100219,23,Business Owner,1409000,760,Personal,259000,12,0,37.6,11.57,Central,Approved,No
LN100220,35,Salaried,776700,717,Home,285000,60,2,28.6,11.01,West,Approved,No
LN100221,33,Salaried,1282600,604,Home,719000,36,1,54.4,13.37,South,Rejected,No
LN100222,56,Salaried,429000,755,Medical,136000,12,0,24.0,11.86,North,Approved,No
LN100223,57,Self-Employed,670400,700,Personal,1132000,60,1,64.3,12.35,East,Rejected,No
LN100224,53,Student,135049,665,Medical,80000,36,1,46.9,10.4,West,Rejected,No
LN100225,42,Salaried,517700,749,Education,493000,72,1,42.0,12.08,East,Rejected,No
LN100226,40,Business Owner,562700,689,Personal,1010000,60,4,19.5,11.45,Central,Rejected,No
LN100227,33,Salaried,436000,624,Business,464000,36,0,42.9,12.38,West,Rejected,No
LN100228,51,Self-Employed,333100,820,Medical,266000,84,0,39.2,10.71,East,Rejected,No
LN100229,24,Self-Employed,298700,699,Home,502000,60,0,6.6,11.68,North,Approved,No
LN100230,31,Salaried,179500,695,Medical,86000,24,0,15.1,11.36,South,Approved,No
LN100231,26,Salaried,363600,674,Vehicle,147000,60,1,36.3,12.99,East,Rejected,No
LN100232,40,Salaried,917900,777,Business,927000,84,1,30.4,12.04,South,Rejected,No
LN100233,32,Student,120160,666,Personal,99000,48,1,25.8,11.95,West,Rejected,No
LN100234,28,Self-Employed,306300,600,Personal,446000,48,1,44.9,12.78,South,Rejected,No
LN100235,36,Business Owner,1740600,656,Vehicle,298000,48,0,21.4,12.2,North,Rejected,No
LN100236,55,Business Owner,458000,786,Business,527000,36,0,26.5,11.1,West,Approved,No
LN100237,43,Salaried,775500,754,Education,1014000,24,2,24.2,10.17,East,Approved,No
LN100238,53,Business Owner,925400,683,Vehicle,1622000,60,0,38.1,13.65,North,Approved,No
LN100239,57,Salaried,935800,789,Personal,325000,72,0,11.4,11.3,East,Rejected,No
LN100240,57,Salaried,281400,749,Personal,146000,60,2,26.0,11.16,West,Approved,No
LN100241,35,Business Owner,572400,683,Vehicle,965000,24,0,11.3,10.3,South,Approved,No
LN100242,56,Business Owner,266900,689,Personal,313000,48,2,28.2,11.89,South,Rejected,No
LN100243,57,Salaried,2496000,721,Vehicle,411000,12,1,40.7,11.66,West,Approved,No
LN100244,59,Self-Employed,270400,646,Personal,63000,36,1,40.9,12.64,West,Approved,No
LN100245,35,Self-Employed,365300,700,Personal,524000,60,1,23.3,10.29,North,Approved,No
LN100246,30,Business Owner,366700,720,Personal,390000,36,5,38.4,11.69,South,Approved,No
LN100247,44,Self-Employed,285400,590,Business,303000,72,0,29.8,12.56,West,Rejected,No
LN100248,58,Salaried,1367700,688,Personal,2183000,48,1,48.3,12.39,South,Approved,No
LN100249,57,Salaried,2463500,680,Home,1256000,60,0,30.4,11.98,Central,Rejected,No
LN100250,43,Salaried,500400,767,Personal,187000,72,3,5.0,10.85,North,Approved,No
LN100251,26,Self-Employed,314400,580,Home,360000,60,4,42.7,14.32,West,Rejected,No
LN100252,37,Business Owner,189900,675,Education,304000,72,0,26.5,11.73,Central,Approved,No
LN100253,49,Salaried,568300,669,Business,313000,72,4,28.7,11.55,South,Rejected,No
LN100254,43,Salaried,546200,762,Vehicle,687000,60,3,36.0,10.42,East,Approved,No
LN100255,34,Salaried,454300,697,Vehicle,163000,36,0,14.9,11.26,North,Approved,No
LN100256,34,Business Owner,734200,817,Medical,288000,36,0,32.9,10.13,East,Approved,No
LN100257,23,Business Owner,807800,743,Education,1319000,72,2,38.4,12.51,Central,Approved,No
LN100258,32,Salaried,776400,673,Home,233000,12,1,36.4,12.28,Central,Rejected,No
LN100259,47,Salaried,546300,716,Home,77000,84,2,24.8,12.37,South,Rejected,No
LN100260,30,Self-Employed,354600,677,Education,503000,36,0,43.9,13.53,West,Approved,No
LN100261,60,Salaried,937500,756,Personal,671000,60,1,20.0,10.67,West,Rejected,No
LN100262,24,Business Owner,654500,613,Business,507000,36,3,24.5,12.29,South,Approved,No
LN100263,44,Salaried,1059500,646,Personal,1547000,84,0,30.4,13.35,West,Rejected,No
LN100264,40,Salaried,1003800,730,Education,407000,12,1,35.5,12.0,North,Rejected,No
LN100265,54,Business Owner,297400,780,Personal,359000,36,1,28.1,11.65,Central,Approved,No
LN100266,56,Salaried,295300,557,Home,187000,72,0,46.7,14.26,Central,Rejected,No
LN100267,42,Salaried,429000,789,Personal,119000,36,1,35.5,12.03,East,Approved,No
LN100268,46,Salaried,363600,691,Personal,461000,36,1,32.9,12.41,South,Rejected,No
LN100269,48,Salaried,984700,578,Home,632000,72,0,35.1,14.06,Central,Rejected,No
LN100270,41,Salaried,788500,505,Business,1240000,72,0,40.8,13.76,North,Rejected,No
LN100271,28,Salaried,1189800,601,Business,1978000,24,0,34.9,13.25,East,Rejected,No
LN100272,38,Salaried,808400,699,Education,1248000,60,1,10.3,11.37,East,Rejected,No
LN100273,30,Salaried,729000,696,Personal,472000,36,1,45.1,13.1,South,Approved,No
LN100274,39,Self-Employed,1257400,741,Personal,631000,36,0,33.4,11.24,North,Rejected,No
LN100275,45,Self-Employed,841600,664,Home,1362000,60,0,40.2,11.34,South,Rejected,No
LN100276,29,Salaried,674800,628,Home,587000,24,1,27.1,12.94,Central,Approved,No
LN100277,30,Salaried,1467400,673,Personal,1912000,48,0,10.1,10.98,West,Approved,Yes
LN100278,53,Salaried,692500,702,Medical,1043000,36,3,5.0,10.55,West,Approved,No
LN100279,36,Business Owner,549800,715,Personal,315000,72,1,20.7,12.51,East,Rejected,No
LN100280,28,Business Owner,410000,649,Personal,124000,60,2,38.2,13.26,West,Rejected,No
LN100281,49,Salaried,956800,759,Personal,1112000,36,2,47.6,11.7,East,Approved,No
LN100282,49,Salaried,1283500,660,Vehicle,1416000,84,0,35.6,10.3,West,Rejected,No
LN100283,54,Salaried,632200,643,Home,354000,72,1,19.4,12.54,Central,Rejected,No
LN100284,51,Salaried,1334500,665,Vehicle,1460000,36,1,22.6,12.53,South,Rejected,No
LN100285,60,Self-Employed,220000,770,Medical,318000,84,1,48.3,12.23,Central,Approved,No
LN100286,43,Salaried,630500,691,Business,438000,36,2,16.3,12.03,Central,Approved,No
LN100287,32,Salaried,635800,655,Medical,325000,36,2,57.2,12.89,South,Rejected,No
LN100288,55,Salaried,435800,760,Home,581000,36,0,54.5,11.82,Central,Rejected,No
LN100289,31,Self-Employed,2411700,839,Personal,3463000,24,1,57.6,10.78,Central,Rejected,No
LN100290,32,Salaried,626800,714,Personal,1080000,60,1,36.6,11.54,North,Rejected,No
LN100291,54,Business Owner,519400,780,Education,182000,60,0,27.9,11.51,North,Approved,No
LN100292,56,Salaried,659300,767,Education,1063000,72,2,36.3,11.83,West,Rejected,No
LN100293,34,Business Owner,216000,661,Business,303000,36,1,42.9,13.16,West,Rejected,No
LN100294,50,Salaried,428000,702,Personal,554000,24,0,24.2,10.83,South,Rejected,No
LN100295,57,Business Owner,1116300,617,Personal,706000,36,0,18.8,11.2,East,Rejected,No
LN100296,52,Business Owner,459900,687,Education,63000,24,1,28.6,11.78,East,Approved,No
LN100297,21,Student,68029,659,Personal,66000,84,1,22.7,11.41,South,Approved,No
LN100298,47,Business Owner,1335700,674,Home,782000,60,1,46.9,12.74,North,Rejected,No
LN100299,27,Business Owner,1358500,651,Home,805000,60,0,24.6,11.32,North,Rejected,No
LN100300,54,Self-Employed,863800,681,Personal,1448000,60,3,33.1,13.03,West,Approved,No
LN100301,23,Business Owner,506100,735,Education,182000,36,1,43.8,11.46,North,Rejected,No
LN100302,60,Salaried,569800,692,Medical,962000,24,1,47.4,13.59,East,Approved,No
LN100303,28,Self-Employed,417700,579,Vehicle,400000,48,1,34.5,13.42,East,Rejected,No
LN100304,37,Salaried,376100,652,Home,574000,72,1,36.6,11.79,Central,Rejected,No
LN100305,30,Business Owner,366000,601,Home,213000,36,1,19.8,13.98,Central,Rejected,No
LN100306,53,Salaried,462700,716,Personal,545000,12,1,44.3,12.39,Central,Rejected,No
LN100307,36,Salaried,367900,733,Home,385000,60,0,47.2,12.26,East,Rejected,No
LN100308,50,Self-Employed,275000,717,Home,460000,36,0,9.6,11.28,North,Approved,No
LN100309,23,Salaried,733400,649,Vehicle,297000,60,1,53.2,13.29,South,Rejected,No
LN100310,39,Salaried,739500,716,Education,331000,12,0,23.6,12.05,East,Rejected,No
LN100311,57,Salaried,1656400,669,Personal,2838000,60,0,39.1,11.85,North,Rejected,No
LN100312,58,Salaried,450100,626,Vehicle,120000,36,0,32.9,12.49,North,Rejected,No
LN100313,29,Salaried,765000,748,Home,902000,72,2,31.3,11.7,South,Approved,No
LN100314,36,Salaried,772000,753,Business,157000,60,1,29.5,11.95,South,Approved,No
LN100315,37,Salaried,565300,762,Vehicle,131000,12,1,20.1,11.65,East,Approved,No
LN100316,43,Salaried,978800,660,Personal,1092000,60,2,38.3,12.62,Central,Rejected,No
LN100317,42,Salaried,995600,777,Home,1033000,60,1,28.6,10.94,South,Rejected,No
LN100318,25,Self-Employed,778300,668,Personal,836000,60,2,16.3,11.47,North,Approved,No
LN100319,51,Salaried,564700,742,Education,511000,84,1,19.6,10.54,East,Approved,No
LN100320,30,Student,68631,667,Vehicle,93000,72,0,16.5,12.32,South,Approved,No
LN100321,33,Business Owner,306300,685,Education,547000,36,1,25.7,11.56,Central,Rejected,No
LN100322,54,Salaried,417300,543,Medical,237000,36,0,37.8,13.29,South,Approved,No
LN100323,48,Salaried,461700,680,Education,300000,36,2,23.5,12.14,South,Approved,No
LN100324,36,Self-Employed,350300,706,Medical,227000,60,1,43.7,12.27,West,Rejected,No
LN100325,57,Business Owner,827900,673,Medical,1157000,84,1,30.6,12.2,East,Approved,No
LN100326,36,Self-Employed,1255300,814,Vehicle,868000,60,0,28.5,10.39,East,Approved,No
LN100327,43,Business Owner,394500,624,Education,493000,36,0,32.2,12.83,North,Rejected,No
LN100328,30,Self-Employed,759700,663,Vehicle,652000,84,1,48.7,12.52,South,Approved,No
LN100329,28,Self-Employed,368000,641,Medical,417000,60,0,15.5,12.02,North,Approved,No
LN100330,40,Salaried,549600,663,Personal,830000,36,1,51.9,13.63,West,Approved,No
LN100331,43,Self-Employed,444700,767,Personal,433000,84,2,43.5,12.13,South,Rejected,No
LN100332,53,Salaried,905100,796,Home,822000,36,3,31.7,10.85,North,Rejected,No
LN100333,36,Self-Employed,447500,654,Business,248000,60,1,46.2,12.64,East,Rejected,No
LN100334,56,Business Owner,1133900,653,Home,1108000,48,1,28.1,13.42,East,Rejected,No
LN100335,45,Salaried,567800,625,Home,310000,84,0,35.4,12.49,South,Rejected,No
LN100336,23,Self-Employed,454700,785,Education,698000,36,0,25.5,11.21,Central,Approved,Yes
LN100337,50,Salaried,326200,773,Vehicle,248000,36,0,43.6,12.2,East,Approved,No
LN100338,43,Self-Employed,747100,693,Business,239000,60,1,23.5,12.02,Central,Rejected,No
LN100339,36,Salaried,1063500,609,Business,540000,72,1,31.4,12.48,South,Rejected,No
LN100340,39,Business Owner,755400,615,Home,762000,24,1,40.1,12.39,East,Rejected,No
LN100341,33,Salaried,2226800,711,Vehicle,3691000,36,2,44.6,12.24,South,Rejected,No
LN100342,45,Student,108363,736,Business,66000,84,1,22.1,11.95,South,Approved,Yes
LN100343,43,Business Owner,548900,566,Personal,302000,60,0,41.0,14.25,North,Rejected,No
LN100344,38,Self-Employed,545700,679,Home,432000,36,2,20.2,10.87,North,Rejected,No
LN100345,32,Business Owner,841600,805,Vehicle,1469000,36,2,6.2,11.77,Central,Approved,No
LN100346,36,Business Owner,410000,686,Personal,630000,48,0,23.0,11.71,Central,Rejected,No
LN100347,40,Student,111453,797,Medical,40000,60,1,42.0,12.15,North,Approved,No
LN100348,39,Salaried,793000,742,Personal,907000,60,1,31.9,11.17,North,Rejected,No
LN100349,33,Self-Employed,748500,630,Home,1082000,60,0,25.6,11.3,North,Approved,No
LN100350,44,Salaried,948400,681,Personal,1333000,12,0,32.7,11.28,East,Approved,No
LN100351,30,Self-Employed,1676600,692,Education,1561000,72,0,32.3,11.86,South,Rejected,No
LN100352,41,Salaried,714100,638,Business,960000,12,0,39.5,13.08,West,Rejected,No
LN100353,25,Self-Employed,610800,637,Vehicle,667000,72,0,12.7,12.07,North,Rejected,No
LN100354,39,Self-Employed,1490400,798,Home,659000,12,0,30.8,11.04,West,Approved,Yes
LN100355,52,Salaried,1106700,636,Vehicle,216000,24,2,33.5,13.36,Central,Approved,No
LN100356,53,Self-Employed,544800,770,Education,397000,24,1,15.6,11.06,North,Approved,No
LN100357,48,Business Owner,651900,672,Education,134000,36,2,15.5,12.03,Central,Rejected,No
LN100358,50,Business Owner,723700,698,Personal,558000,48,0,27.6,14.11,Central,Approved,No
LN100359,23,Salaried,793100,737,Business,1197000,60,1,32.1,11.73,East,Approved,No
LN100360,34,Self-Employed,308200,661,Business,473000,72,0,32.1,11.85,South,Rejected,No
LN100361,47,Business Owner,278300,737,Vehicle,44000,60,2,25.3,11.9,East,Approved,No
LN100362,53,Salaried,399000,567,Home,87000,60,2,24.8,13.42,South,Rejected,No
LN100363,44,Salaried,382400,729,Vehicle,474000,36,2,27.3,11.89,Central,Approved,No
LN100364,55,Salaried,456200,540,Vehicle,433000,72,0,35.6,13.5,East,Approved,No
LN100365,31,Self-Employed,921600,685,Home,326000,24,0,46.9,13.56,West,Rejected,No
LN100366,27,Salaried,592300,756,Business,870000,36,2,5.4,11.86,East,Approved,No
LN100367,24,Business Owner,724100,740,Medical,339000,24,1,39.5,11.81,South,Approved,No
LN100368,44,Self-Employed,331500,616,Home,77000,36,2,30.7,12.21,East,Rejected,No
LN100369,47,Salaried,504200,624,Business,693000,60,0,38.3,13.09,Central,Rejected,No
LN100370,32,Business Owner,897800,655,Personal,1018000,24,0,46.2,12.29,South,Rejected,No
LN100371,52,Business Owner,901600,712,Education,695000,24,1,22.9,12.32,South,Rejected,No
LN100372,50,Salaried,436400,568,Personal,558000,72,2,43.3,13.66,Central,Rejected,No
LN100373,35,Salaried,710400,699,Home,1172000,24,2,17.0,13.53,South,Approved,No
LN100374,30,Salaried,2178400,720,Home,344000,60,1,33.5,12.93,Central,Rejected,No
LN100375,50,Salaried,643700,682,Medical,751000,36,0,29.1,11.34,North,Approved,No
LN100376,47,Salaried,444000,734,Personal,209000,72,0,32.6,11.4,West,Approved,No
LN100377,27,Business Owner,590800,715,Education,535000,60,1,20.1,10.27,East,Rejected,No
LN100378,31,Salaried,683800,665,Vehicle,561000,12,1,37.2,10.94,North,Rejected,No
LN100379,40,Salaried,598100,574,Medical,456000,72,2,51.0,13.59,North,Rejected,No
LN100380,41,Self-Employed,638900,709,Vehicle,271000,48,1,20.3,10.83,South,Rejected,No
LN100381,27,Self-Employed,293900,638,Medical,430000,36,0,34.3,13.73,West,Approved,No
LN100382,58,Business Owner,382800,662,Business,285000,60,1,42.3,13.4,South,Rejected,No
LN100383,36,Business Owner,598700,731,Vehicle,963000,60,2,28.4,11.5,South,Rejected,No
LN100384,36,Salaried,593500,792,Personal,417000,36,1,48.3,11.47,East,Rejected,No
LN100385,23,Salaried,476100,698,Personal,727000,36,1,26.8,12.95,Central,Approved,No
LN100386,56,Student,171864,736,Business,176000,24,1,30.6,12.9,North,Approved,No
LN100387,30,Self-Employed,672200,606,Vehicle,508000,60,3,20.1,11.83,West,Rejected,No
LN100388,60,Student,169317,716,Home,220000,84,2,33.5,11.19,Central,Rejected,No
LN100389,40,Salaried,615500,696,Home,885000,48,2,32.0,11.85,East,Approved,No
LN100390,55,Business Owner,809600,780,Personal,745000,84,0,39.6,11.88,Central,Approved,No
LN100391,28,Self-Employed,482600,665,Business,397000,24,1,24.4,11.76,East,Rejected,No
LN100392,27,Salaried,890400,684,Business,963000,60,0,23.8,12.26,West,Approved,No
LN100393,53,Self-Employed,799200,769,Personal,875000,84,1,37.5,12.98,West,Rejected,No
LN100394,53,Self-Employed,1046500,694,Home,862000,60,0,48.8,11.51,North,Rejected,No
LN100395,42,Salaried,962300,628,Home,1336000,24,2,39.5,12.48,East,Rejected,No
LN100396,22,Salaried,898500,850,Business,700000,36,1,54.2,10.41,East,Rejected,No
LN100397,58,Business Owner,615800,630,Personal,536000,24,1,38.7,12.17,North,Rejected,No
LN100398,36,Salaried,743700,696,Business,840000,60,0,38.2,12.01,South,Rejected,No
LN100399,58,Salaried,1166700,723,Home,2074000,84,5,40.2,11.54,West,Rejected,No
LN100400,55,Salaried,454100,717,Vehicle,247000,36,0,49.9,12.7,North,Approved,No
LN100401,55,Salaried,460100,688,Medical,227000,24,2,46.9,12.6,South,Rejected,No
LN100402,48,Business Owner,718200,688,Home,288000,36,1,19.0,12.01,North,Approved,No
LN100403,47,Business Owner,816800,685,Home,1039000,60,2,41.6,12.17,North,Rejected,No
LN100404,42,Salaried,413100,627,Personal,357000,60,0,35.2,12.54,East,Rejected,No
LN100405,21,Student,203723,840,Personal,155000,36,0,29.7,10.6,North,Approved,No
LN100406,36,Business Owner,617200,686,Medical,276000,60,2,10.7,11.43,South,Rejected,No
LN100407,50,Salaried,192200,739,Medical,310000,24,2,13.5,11.54,North,Approved,No
LN100408,53,Business Owner,576100,678,Personal,492000,60,1,27.6,10.74,Central,Approved,No
LN100409,43,Salaried,596100,677,Home,675000,48,3,14.4,11.97,Central,Approved,No
LN100410,49,Student,244105,670,Vehicle,71000,24,1,27.9,11.55,North,Approved,No
LN100411,21,Self-Employed,1416200,599,Business,402000,60,1,40.6,12.81,North,Rejected,No
LN100412,39,Self-Employed,333000,690,Vehicle,71000,60,1,25.0,10.84,South,Approved,No
LN100413,41,Salaried,413000,674,Medical,299000,48,1,33.0,12.01,North,Rejected,No
LN100414,56,Business Owner,154500,776,Personal,140000,60,1,19.2,11.29,West,Approved,No
LN100415,33,Salaried,498900,622,Home,257000,60,0,35.6,13.06,East,Rejected,No
LN100416,30,Salaried,522900,662,Personal,363000,36,1,38.1,11.65,East,Rejected,No
LN100417,35,Salaried,491000,642,Personal,54000,84,1,14.9,12.35,Central,Rejected,No
LN100418,27,Business Owner,1195400,794,Home,833000,84,1,23.0,11.85,West,Approved,No
LN100419,43,Salaried,1043500,643,Vehicle,316000,24,2,16.8,11.76,South,Approved,No
LN100420,46,Business Owner,678400,737,Personal,216000,84,1,38.1,11.88,East,Approved,No
LN100421,53,Self-Employed,530100,763,Home,57000,60,1,34.0,10.12,South,Approved,No
LN100422,59,Salaried,1143000,691,Vehicle,1467000,24,2,31.4,11.45,East,Rejected,No
LN100423,23,Salaried,643000,611,Personal,1082000,60,0,30.5,12.89,North,Approved,No
LN100424,30,Salaried,414400,611,Business,479000,12,2,35.9,13.5,South,Rejected,No
LN100425,33,Self-Employed,252900,756,Personal,67000,60,2,36.1,11.26,South,Approved,No
LN100426,30,Business Owner,509900,618,Medical,909000,84,1,26.1,14.4,North,Rejected,No
LN100427,54,Salaried,984400,725,Medical,1731000,36,3,24.4,11.85,South,Rejected,No
LN100428,26,Business Owner,2273500,707,Vehicle,2037000,60,1,31.3,11.06,West,Approved,No
LN100429,22,Salaried,672400,725,Home,191000,36,1,29.7,12.67,South,Approved,Yes
LN100430,55,Business Owner,426700,731,Business,565000,60,1,56.7,11.52,Central,Rejected,No
LN100431,59,Business Owner,338700,639,Education,587000,72,0,27.4,12.63,South,Approved,No
LN100432,30,Business Owner,880600,637,Business,1254000,36,0,35.5,11.97,Central,Approved,Yes
LN100433,34,Self-Employed,246300,746,Personal,286000,60,1,37.6,10.85,North,Rejected,No
LN100434,41,Business Owner,879800,659,Vehicle,1002000,36,2,48.8,13.45,South,Approved,Yes
LN100435,42,Salaried,1019100,521,Personal,1796000,60,1,22.3,13.03,North,Approved,No
LN100436,60,Salaried,826300,742,Personal,185000,60,0,48.1,13.3,South,Approved,No
LN100437,37,Salaried,576000,633,Medical,204000,60,0,30.2,11.8,North,Rejected,No
LN100438,21,Salaried,886900,730,Education,1341000,36,2,62.0,11.44,East,Rejected,No
LN100439,37,Business Owner,714100,791,Medical,248000,60,3,36.4,11.07,North,Approved,No
LN100440,43,Self-Employed,423700,701,Home,318000,60,2,17.3,13.67,North,Approved,No
LN100441,41,Business Owner,1798500,765,Business,1041000,60,1,29.6,12.03,South,Approved,No
LN100442,41,Salaried,535700,710,Medical,275000,60,2,48.0,12.73,West,Rejected,No
LN100443,57,Self-Employed,995900,803,Vehicle,143000,72,0,33.0,11.64,South,Approved,No
LN100444,53,Salaried,171900,631,Home,183000,36,3,31.3,12.22,North,Rejected,No
LN100445,31,Salaried,1311600,699,Business,1026000,12,0,40.6,14.16,North,Rejected,No
LN100446,35,Self-Employed,1458000,744,Business,1513000,84,0,27.9,11.89,West,Approved,No
LN100447,47,Student,236003,688,Vehicle,146000,12,1,29.5,12.31,West,Approved,No
LN100448,37,Self-Employed,883900,775,Personal,1503000,84,1,20.7,11.83,East,Approved,No
LN100449,38,Salaried,883700,672,Business,977000,60,0,52.7,11.88,East,Approved,No
LN100450,27,Self-Employed,456400,835,Home,791000,84,2,17.3,9.96,South,Approved,No
LN100451,31,Salaried,878200,838,Personal,610000,60,0,34.0,10.8,East,Approved,No
LN100452,50,Business Owner,416600,718,Vehicle,43000,72,2,37.8,12.72,West,Approved,No
LN100453,54,Self-Employed,465100,736,Home,664000,60,1,31.8,10.82,West,Approved,No
LN100454,52,Salaried,1208100,777,Business,1820000,60,2,17.0,10.99,South,Approved,No
LN100455,33,Salaried,1111000,623,Vehicle,222000,36,1,20.0,12.19,West,Rejected,No
LN100456,26,Salaried,440700,615,Medical,513000,12,1,38.3,11.76,East,Rejected,No
LN100457,27,Student,186903,782,Personal,229000,36,0,22.6,10.78,West,Approved,No
LN100458,36,Salaried,455700,718,Personal,158000,84,1,7.1,11.64,West,Approved,No
LN100459,41,Business Owner,972600,685,Vehicle,1011000,36,2,36.6,11.22,West,Rejected,No
LN100460,56,Self-Employed,375000,701,Vehicle,193000,60,0,21.5,12.74,North,Rejected,No
LN100461,56,Self-Employed,790900,545,Business,101000,60,0,39.6,13.78,South,Rejected,No
LN100462,21,Salaried,980200,688,Personal,1543000,36,0,29.6,12.3,South,Approved,No
LN100463,49,Student,69820,651,Business,65000,84,0,29.0,12.35,South,Approved,No
LN100464,32,Salaried,1132900,760,Vehicle,1619000,12,0,32.6,10.8,East,Approved,Yes
LN100465,28,Self-Employed,549800,765,Education,731000,60,0,18.3,10.71,West,Rejected,No
LN100466,43,Self-Employed,577900,737,Home,1034000,48,1,22.1,11.73,East,Rejected,No
LN100467,22,Self-Employed,379700,726,Business,321000,12,0,28.9,11.28,East,Approved,No
LN100468,34,Student,113195,603,Vehicle,94000,36,0,18.3,12.59,East,Rejected,No
LN100469,43,Salaried,426400,738,Personal,247000,60,0,40.6,11.31,South,Rejected,No
LN100470,31,Salaried,787900,741,Vehicle,916000,24,0,28.3,11.92,South,Rejected,No
LN100471,44,Salaried,625000,781,Vehicle,579000,72,0,14.6,11.31,North,Approved,No
LN100472,39,Salaried,364300,838,Personal,488000,60,2,25.3,9.61,West,Approved,No
LN100473,52,Salaried,465000,590,Personal,328000,24,0,33.2,12.98,North,Rejected,No
LN100474,28,Salaried,1390700,675,Medical,448000,36,1,26.6,11.02,South,Approved,No
LN100475,23,Salaried,726200,652,Home,1137000,24,0,36.8,11.23,South,Approved,No
LN100476,42,Salaried,373100,711,Personal,563000,60,4,38.9,11.69,East,Approved,No
LN100477,31,Salaried,768900,701,Home,536000,60,1,60.8,14.69,Central,Rejected,No
LN100478,49,Self-Employed,599800,685,Business,764000,12,2,45.8,13.03,Central,Approved,No
LN100479,24,Self-Employed,4344600,767,Personal,4071000,60,0,12.4,11.97,North,Approved,No
LN100480,44,Salaried,760400,628,Vehicle,1060000,48,1,27.7,12.92,East,Rejected,No
LN100481,60,Salaried,527200,632,Business,402000,60,1,28.8,12.63,North,Rejected,No
LN100482,24,Salaried,1419400,633,Vehicle,1434000,12,1,38.9,13.36,West,Rejected,No
LN100483,33,Self-Employed,236100,677,Education,47000,12,1,20.8,11.48,South,Rejected,No
LN100484,54,Salaried,684600,620,Vehicle,272000,36,0,25.6,12.83,North,Rejected,No
LN100485,42,Salaried,1946700,697,Home,2782000,60,1,17.1,12.5,East,Approved,Yes
LN100486,27,Salaried,609800,689,Business,457000,60,0,24.8,12.42,South,Rejected,No
LN100487,29,Salaried,250500,649,Personal,40000,36,1,25.2,13.13,Central,Rejected,No
LN100488,51,Salaried,522800,757,Business,201000,36,2,28.2,11.6,North,Approved,No
LN100489,55,Self-Employed,1446600,696,Business,1157000,60,4,17.8,12.89,Central,Rejected,No
LN100490,35,Self-Employed,799400,769,Business,1056000,12,1,43.8,11.62,South,Approved,No
LN100491,39,Self-Employed,409800,687,Vehicle,294000,60,0,37.7,13.75,North,Rejected,No
LN100492,52,Self-Employed,445900,698,Home,609000,48,1,14.6,12.01,West,Approved,No
LN100493,28,Self-Employed,477800,663,Vehicle,745000,36,1,32.3,12.06,East,Approved,No
LN100494,29,Salaried,792800,700,Medical,539000,60,1,13.2,10.73,Central,Rejected,No
LN100495,51,Business Owner,1356900,746,Medical,1982000,36,0,48.1,11.49,East,Rejected,No
LN100496,28,Self-Employed,1159600,673,Business,366000,60,0,51.4,12.05,East,Rejected,No
LN100497,51,Salaried,835300,734,Education,673000,24,3,31.3,11.67,North,Rejected,No
LN100498,40,Self-Employed,312500,647,Home,83000,48,3,21.8,11.3,Central,Rejected,No
LN100499,60,Salaried,313100,749,Business,59000,60,1,24.0,12.34,West,Approved,Yes
LN100500,22,Salaried,871500,662,Home,183000,12,1,26.6,12.27,East,Rejected,No
LN100501,58,Self-Employed,310100,755,Personal,86000,60,2,30.7,11.6,West,Approved,No
LN100502,30,Business Owner,574200,704,Vehicle,873000,60,1,48.4,11.59,North,Rejected,No
LN100503,22,Business Owner,768400,799,Education,787000,84,2,43.5,10.98,Central,Approved,No
LN100504,49,Salaried,347700,625,Personal,595000,36,2,43.7,11.36,East,Approved,No
LN100505,42,Self-Employed,370000,604,Medical,375000,36,2,34.0,13.98,West,Rejected,No
LN100506,54,Business Owner,617200,660,Business,721000,36,1,18.2,11.01,West,Approved,No
LN100507,25,Salaried,857500,610,Vehicle,355000,72,3,22.8,11.58,South,Rejected,No
LN100508,24,Business Owner,1165400,610,Vehicle,1188000,48,0,32.7,13.75,West,Rejected,No
LN100509,43,Salaried,907600,740,Medical,685000,36,2,17.6,11.62,West,Approved,No
LN100510,56,Salaried,676900,700,Personal,1140000,60,0,35.6,12.2,North,Rejected,No
LN100511,37,Salaried,431200,669,Vehicle,728000,12,2,41.7,12.75,West,Approved,No
LN100512,52,Business Owner,360700,675,Personal,158000,60,0,38.5,13.06,East,Rejected,No
LN100513,57,Salaried,490800,661,Education,566000,48,0,38.1,12.56,West,Rejected,No
LN100514,55,Salaried,814400,807,Home,965000,60,1,9.6,9.53,West,Approved,No
LN100515,41,Salaried,782200,652,Business,826000,60,2,48.0,13.32,North,Rejected,No
LN100516,48,Salaried,204800,614,Personal,64000,36,1,13.2,12.54,North,Rejected,No
LN100517,42,Salaried,421900,752,Home,511000,60,1,30.2,12.38,North,Rejected,No
LN100518,47,Business Owner,1260700,686,Education,1839000,60,2,39.4,11.45,West,Rejected,No
LN100519,43,Salaried,678900,833,Medical,466000,24,0,36.3,10.56,Central,Approved,No
LN100520,42,Business Owner,298200,666,Personal,291000,72,1,16.7,12.19,West,Approved,No
LN100521,38,Business Owner,2374800,755,Personal,707000,60,0,18.8,10.59,West,Approved,No
LN100522,47,Salaried,639700,770,Home,1076000,84,3,35.4,9.9,East,Approved,No
LN100523,51,Salaried,803000,666,Medical,230000,60,0,38.1,12.59,East,Approved,No
LN100524,57,Self-Employed,809700,652,Business,368000,36,1,18.7,12.7,Central,Rejected,No
LN100525,45,Salaried,531000,748,Personal,323000,48,2,36.7,11.67,North,Approved,No
LN100526,25,Salaried,435600,737,Education,655000,36,0,13.8,11.66,South,Approved,No
LN100527,44,Student,62650,608,Personal,81000,12,0,39.5,13.23,South,Rejected,No
LN100528,33,Student,242374,627,Business,27000,48,4,21.4,12.35,North,Approved,No
LN100529,22,Business Owner,1021500,535,Business,421000,36,2,33.0,13.47,East,Rejected,No
LN100530,23,Salaried,892400,739,Medical,1227000,12,1,31.0,12.63,South,Approved,No
LN100531,44,Self-Employed,374300,683,Personal,294000,72,1,45.9,11.83,East,Approved,No
LN100532,58,Self-Employed,1312400,689,Vehicle,190000,24,3,34.9,12.73,North,Approved,No
LN100533,41,Salaried,408800,590,Vehicle,711000,60,0,24.8,11.9,South,Approved,No
LN100534,38,Self-Employed,759600,629,Business,271000,60,1,36.3,12.14,North,Rejected,No
LN100535,24,Salaried,263800,669,Education,255000,60,0,57.7,13.75,Central,Rejected,No
LN100536,48,Salaried,211600,656,Education,110000,24,1,40.9,11.75,East,Rejected,No
LN100537,23,Self-Employed,774400,708,Personal,1048000,60,2,31.3,11.77,West,Rejected,No
LN100538,54,Salaried,416500,738,Vehicle,592000,60,2,22.0,13.12,East,Approved,No
LN100539,53,Salaried,217700,848,Business,169000,72,0,24.6,11.37,North,Approved,No
LN100540,60,Business Owner,875100,699,Home,1067000,36,1,40.2,11.72,West,Approved,No
LN100541,32,Student,167308,773,Vehicle,275000,12,2,21.4,10.78,North,Approved,No
LN100542,27,Self-Employed,1395800,646,Education,2073000,60,0,32.0,12.34,South,Rejected,No
LN100543,32,Business Owner,564200,591,Personal,454000,36,1,49.3,14.25,East,Rejected,No
LN100544,52,Student,243680,677,Business,207000,60,0,33.8,11.55,West,Approved,No
LN100545,29,Salaried,1059100,596,Vehicle,1703000,60,0,19.1,11.79,Central,Approved,No
LN100546,56,Salaried,1204900,701,Vehicle,191000,60,0,58.1,13.17,North,Rejected,No
LN100547,27,Salaried,538100,649,Home,75000,84,1,53.1,11.78,West,Rejected,No
LN100548,22,Salaried,662300,573,Personal,298000,60,1,38.0,12.55,East,Rejected,No
LN100549,29,Business Owner,766900,813,Medical,1156000,84,1,47.3,11.44,West,Approved,No
LN100550,51,Salaried,881500,665,Business,318000,60,0,28.8,12.2,Central,Approved,No
LN100551,45,Salaried,604100,594,Education,353000,24,3,40.7,12.14,East,Rejected,No
LN100552,35,Salaried,608500,758,Personal,712000,60,1,26.9,11.68,South,Approved,No
LN100553,47,Salaried,1388400,653,Education,574000,60,1,15.7,12.38,West,Approved,No
LN100554,46,Business Owner,1264200,771,Home,778000,84,1,63.1,11.77,East,Approved,No
LN100555,43,Salaried,845200,652,Home,755000,36,0,15.1,13.15,Central,Approved,No
LN100556,41,Salaried,1673200,665,Home,816000,36,0,35.6,12.63,East,Rejected,No
LN100557,25,Salaried,525500,722,Home,939000,72,0,35.4,11.23,Central,Approved,No
LN100558,31,Salaried,1587000,739,Business,600000,12,2,38.2,13.0,North,Approved,No
LN100559,42,Self-Employed,876000,750,Education,1353000,60,0,30.9,11.23,West,Approved,No
LN100560,26,Salaried,3928600,694,Business,3532000,60,0,31.0,12.17,South,Rejected,No
LN100561,40,Salaried,337300,734,Medical,108000,24,0,33.7,11.45,West,Approved,No
LN100562,25,Salaried,444900,748,Personal,134000,24,1,37.8,12.22,Central,Rejected,No
LN100563,52,Business Owner,818400,713,Vehicle,778000,72,4,32.0,11.58,West,Rejected,No
LN100564,25,Self-Employed,808700,691,Business,567000,12,1,31.2,11.78,West,Rejected,No
LN100565,24,Self-Employed,1899900,606,Home,948000,60,1,16.1,12.27,North,Rejected,No
LN100566,46,Self-Employed,450100,739,Vehicle,779000,60,1,56.2,11.97,North,Rejected,No
LN100567,29,Business Owner,1069200,703,Vehicle,949000,60,1,38.4,12.91,East,Approved,No
LN100568,35,Salaried,1231900,673,Business,2068000,48,0,34.5,11.42,South,Approved,No
LN100569,33,Salaried,957700,783,Business,363000,12,0,24.5,11.15,North,Approved,No
LN100570,29,Self-Employed,383100,607,Business,158000,72,1,20.0,12.53,West,Rejected,No
LN100571,51,Salaried,1409900,807,Personal,1570000,24,2,42.3,11.34,West,Rejected,No
LN100572,48,Business Owner,1278100,699,Personal,714000,36,3,30.1,12.66,North,Approved,No
LN100573,30,Salaried,903900,721,Business,375000,84,1,39.5,10.99,North,Rejected,No
LN100574,48,Business Owner,727300,674,Business,190000,36,3,15.8,12.23,South,Rejected,No
LN100575,49,Business Owner,736100,592,Vehicle,169000,36,2,50.6,12.48,East,Rejected,No
LN100576,42,Salaried,622500,691,Medical,859000,84,2,42.8,12.01,Central,Approved,No
LN100577,44,Business Owner,924600,722,Business,536000,24,0,31.0,10.88,South,Approved,No
LN100578,58,Self-Employed,661200,744,Personal,1166000,24,1,37.6,11.58,North,Rejected,No
LN100579,39,Business Owner,407600,687,Home,168000,48,1,40.9,11.95,Central,Approved,No
LN100580,36,Salaried,365100,557,Education,257000,60,2,16.0,13.92,North,Approved,Yes
LN100581,42,Salaried,429800,600,Business,317000,72,2,52.1,13.5,East,Rejected,No
LN100582,54,Self-Employed,734500,833,Home,698000,60,1,37.8,11.41,South,Approved,No
LN100583,49,Salaried,640400,629,Vehicle,1012000,84,1,23.6,11.61,Central,Approved,No
LN100584,24,Salaried,731700,793,Personal,1112000,12,2,18.8,11.47,West,Approved,No
LN100585,39,Business Owner,856100,639,Business,100000,60,1,43.8,13.95,North,Rejected,No
LN100586,50,Self-Employed,460300,688,Business,366000,24,0,34.5,12.79,South,Rejected,No
LN100587,29,Salaried,1455500,741,Business,2194000,84,3,37.8,10.92,North,Approved,No
LN100588,60,Salaried,561000,647,Vehicle,56000,84,0,32.3,12.13,South,Rejected,No
LN100589,53,Salaried,512100,803,Home,516000,36,0,20.0,10.98,South,Approved,Yes
LN100590,54,Salaried,847500,705,Personal,459000,72,1,38.1,11.73,East,Approved,No
LN100591,24,Business Owner,236700,730,Home,190000,60,2,29.6,13.5,West,Approved,No
LN100592,44,Salaried,420800,683,Personal,343000,24,2,31.7,11.82,North,Approved,No
LN100593,42,Salaried,1114900,743,Medical,854000,60,2,60.5,12.36,South,Rejected,No
LN100594,46,Self-Employed,250000,803,Personal,404000,84,3,42.4,11.04,Central,Approved,No
LN100595,55,Salaried,1201900,691,Personal,1216000,36,0,43.1,12.54,South,Rejected,No
LN100596,35,Salaried,1492300,812,Personal,2442000,12,1,64.6,12.91,East,Rejected,No
LN100597,42,Self-Employed,530500,660,Business,708000,84,0,36.6,12.54,West,Approved,No
LN100598,48,Self-Employed,763200,750,Vehicle,532000,48,1,33.4,11.51,West,Rejected,No
LN100599,51,Student,197360,732,Vehicle,185000,48,2,23.8,10.81,East,Rejected,No
LN100600,51,Self-Employed,502800,631,Home,384000,60,1,26.6,13.29,Central,Rejected,No
LN100601,34,Salaried,1047600,714,Personal,1580000,60,0,7.4,11.2,North,Approved,Yes
LN100602,60,Business Owner,449400,700,Education,188000,36,1,41.5,12.13,North,Rejected,No
LN100603,21,Business Owner,499800,645,Personal,846000,24,1,16.8,10.45,South,Approved,No
LN100604,40,Self-Employed,418800,723,Business,455000,72,1,42.8,12.02,North,Approved,Yes
LN100605,45,Student,238711,710,Home,272000,48,1,31.5,11.65,North,Rejected,No
LN100606,23,Business Owner,1228900,695,Personal,1203000,60,1,33.5,10.82,North,Approved,No
LN100607,39,Business Owner,587400,696,Home,612000,72,2,31.5,12.74,West,Approved,No
LN100608,44,Salaried,323000,694,Education,399000,12,2,48.6,12.11,South,Approved,No
LN100609,45,Self-Employed,358300,676,Home,435000,72,2,46.5,13.91,West,Rejected,No
LN100610,25,Salaried,807500,709,Home,375000,60,4,31.7,12.94,South,Approved,No
LN100611,32,Self-Employed,1792300,658,Medical,1954000,84,0,21.2,11.59,East,Approved,No
LN100612,30,Self-Employed,807200,850,Medical,567000,36,2,43.1,12.06,North,Approved,Yes
LN100613,46,Student,107284,608,Personal,127000,36,0,20.3,13.6,North,Approved,Yes
LN100614,34,Student,60545,662,Personal,62000,60,0,13.3,11.47,West,Approved,No
LN100615,43,Salaried,569800,667,Business,231000,84,0,38.0,11.72,North,Rejected,No
LN100616,50,Self-Employed,527900,833,Business,712000,84,1,46.6,9.82,West,Rejected,No
LN100617,52,Business Owner,383700,614,Personal,336000,48,2,27.1,12.86,West,Rejected,No
LN100618,28,Salaried,1410400,728,Home,1463000,60,1,36.9,11.24,West,Approved,No
LN100619,57,Salaried,160800,716,Personal,200000,24,1,27.0,12.06,East,Approved,No
LN100620,27,Salaried,1008100,722,Medical,1220000,60,0,40.7,11.67,Central,Rejected,No
LN100621,21,Business Owner,503700,780,Education,692000,72,2,45.1,11.17,North,Approved,No
LN100622,22,Salaried,518700,779,Vehicle,234000,60,1,28.8,10.92,Central,Approved,No
LN100623,29,Student,159117,671,Vehicle,46000,36,0,19.7,11.04,North,Rejected,No
LN100624,55,Salaried,438900,713,Vehicle,543000,84,0,14.5,11.09,East,Rejected,No
LN100625,29,Student,130392,579,Personal,65000,24,3,43.1,12.75,Central,Rejected,No
LN100626,48,Salaried,605000,706,Vehicle,178000,48,2,18.4,11.63,South,Rejected,No
LN100627,37,Business Owner,816100,648,Medical,264000,60,3,36.5,12.63,West,Rejected,No
LN100628,22,Salaried,509800,688,Business,322000,60,1,41.3,11.6,East,Rejected,No
LN100629,38,Self-Employed,273500,590,Home,488000,60,2,26.0,13.53,Central,Approved,No
LN100630,22,Business Owner,403800,726,Business,148000,60,0,30.0,11.66,North,Approved,No
LN100631,40,Business Owner,1315100,590,Business,799000,12,1,44.0,14.26,East,Rejected,No
LN100632,43,Business Owner,677300,710,Personal,1128000,24,2,22.3,11.87,North,Approved,No
LN100633,41,Salaried,833000,620,Vehicle,1447000,60,3,21.1,12.44,North,Rejected,No
LN100634,32,Salaried,562900,645,Business,275000,60,1,29.2,12.05,West,Approved,No
LN100635,51,Salaried,452300,775,Vehicle,722000,60,2,47.3,12.24,West,Rejected,No
LN100636,44,Salaried,1635400,738,Home,550000,36,0,51.3,12.23,West,Rejected,No
LN100637,31,Self-Employed,586100,775,Education,817000,12,1,30.8,12.0,West,Rejected,No
LN100638,38,Self-Employed,509300,801,Education,62000,60,0,23.5,12.13,West,Approved,No
LN100639,25,Business Owner,1187800,650,Personal,940000,48,0,44.8,12.24,East,Approved,No
LN100640,57,Business Owner,436900,797,Home,227000,60,1,12.0,11.18,South,Approved,No
LN100641,51,Self-Employed,468700,605,Personal,608000,48,3,35.0,13.27,West,Approved,No
LN100642,32,Business Owner,653700,748,Vehicle,83000,36,1,31.5,11.95,West,Approved,No
LN100643,47,Salaried,650100,668,Business,579000,36,1,47.5,12.37,North,Rejected,No
LN100644,48,Salaried,749800,640,Vehicle,963000,12,0,48.7,12.63,South,Approved,No
LN100645,45,Self-Employed,2053700,740,Medical,368000,60,0,20.7,11.01,North,Approved,No
LN100646,23,Business Owner,782000,761,Medical,1271000,36,1,34.0,11.16,West,Approved,No
LN100647,56,Salaried,175700,759,Home,125000,36,0,25.2,10.79,South,Approved,No
LN100648,59,Salaried,777800,714,Personal,296000,84,1,28.5,11.75,East,Approved,No
LN100649,59,Self-Employed,663700,709,Education,321000,36,1,39.4,11.61,West,Approved,No
LN100650,60,Salaried,665700,734,Business,450000,60,1,28.0,11.96,Central,Approved,No
LN100651,58,Salaried,744200,720,Personal,325000,36,0,34.3,11.96,South,Approved,No
LN100652,50,Business Owner,639800,735,Education,619000,36,2,43.5,12.15,Central,Rejected,No
LN100653,23,Self-Employed,631500,713,Education,743000,12,1,50.2,12.18,West,Rejected,No
LN100654,39,Salaried,910600,755,Vehicle,762000,72,0,35.5,11.72,North,Approved,Yes
LN100655,30,Business Owner,482400,594,Business,398000,48,1,33.4,12.73,South,Rejected,No
LN100656,29,Salaried,386000,691,Business,552000,60,2,18.7,12.31,South,Approved,No
LN100657,54,Business Owner,3429100,610,Home,2098000,84,2,51.0,12.91,North,Rejected,No
LN100658,53,Salaried,438500,718,Education,508000,12,2,37.9,12.29,South,Approved,No
LN100659,41,Self-Employed,686800,807,Vehicle,1111000,60,2,33.6,10.29,North,Approved,No
LN100660,50,Salaried,285500,669,Personal,136000,24,3,33.0,12.8,West,Rejected,No
LN100661,26,Salaried,693000,708,Home,800000,48,0,36.3,11.68,South,Rejected,No
LN100662,29,Business Owner,389000,749,Vehicle,666000,72,1,41.3,11.23,North,Approved,No
LN100663,55,Salaried,509600,566,Business,510000,12,2,42.7,12.57,East,Rejected,No
LN100664,39,Salaried,1154900,666,Vehicle,2033000,84,0,51.3,11.93,Central,Rejected,No
LN100665,42,Salaried,842700,724,Personal,528000,60,1,34.9,11.57,Central,Approved,No
LN100666,39,Self-Employed,888600,512,Vehicle,941000,36,0,53.1,15.11,Central,Rejected,No
LN100667,29,Business Owner,245400,637,Vehicle,154000,12,0,44.7,12.4,Central,Rejected,No
LN100668,54,Student,119162,772,Personal,25000,60,0,31.3,9.89,South,Rejected,No
LN100669,51,Salaried,337500,765,Education,606000,48,2,12.0,11.26,East,Rejected,No
LN100670,48,Salaried,1506700,724,Education,766000,36,2,33.0,11.08,South,Rejected,No
LN100671,35,Salaried,1140000,757,Medical,2000000,48,0,50.7,12.61,Central,Approved,No
LN100672,46,Self-Employed,892900,714,Business,1081000,12,0,22.7,11.39,North,Rejected,No
LN100673,59,Student,179661,736,Personal,294000,84,0,33.0,11.57,East,Rejected,No
LN100674,46,Self-Employed,706500,679,Home,1232000,36,3,34.0,13.08,South,Approved,No
LN100675,40,Self-Employed,501700,708,Home,534000,48,3,43.3,12.68,Central,Rejected,No
LN100676,31,Salaried,660500,659,Home,1189000,60,0,27.3,11.36,South,Rejected,No
LN100677,41,Business Owner,566500,782,Medical,796000,60,2,21.6,10.34,Central,Approved,No
LN100678,35,Salaried,211800,799,Business,210000,72,0,38.8,10.15,Central,Approved,No
LN100679,45,Salaried,1204700,790,Personal,1462000,84,1,23.1,12.9,North,Approved,No
LN100680,22,Salaried,621600,673,Medical,267000,24,0,10.0,11.09,West,Rejected,No
LN100681,28,Salaried,497900,638,Home,59000,36,2,54.1,13.89,South,Rejected,No
LN100682,52,Salaried,477600,783,Personal,256000,60,0,43.1,11.27,South,Approved,No
LN100683,36,Salaried,791700,735,Home,665000,12,1,54.6,11.55,South,Rejected,No
LN100684,38,Salaried,397600,721,Education,194000,60,0,42.5,12.13,East,Approved,No
LN100685,42,Self-Employed,188000,659,Medical,183000,12,2,40.2,12.33,South,Approved,No
LN100686,38,Salaried,813100,728,Business,991000,84,1,36.4,12.47,West,Rejected,No
LN100687,51,Salaried,864800,629,Home,1051000,60,0,29.8,13.11,West,Approved,No
LN100688,30,Student,140603,741,Education,228000,60,1,38.1,11.44,South,Approved,No
LN100689,51,Business Owner,345700,790,Personal,602000,48,2,25.4,10.13,North,Approved,No
LN100690,29,Self-Employed,682600,806,Home,1102000,84,2,19.2,10.02,North,Approved,No
LN100691,35,Salaried,290500,746,Personal,335000,60,3,28.0,9.96,South,Approved,No
LN100692,44,Business Owner,369400,610,Personal,166000,72,4,47.5,12.94,Central,Rejected,No
LN100693,56,Salaried,430100,713,Education,733000,72,0,17.2,11.54,South,Rejected,No
LN100694,30,Salaried,1033900,839,Education,411000,12,1,17.4,9.75,West,Approved,No
LN100695,44,Business Owner,532500,644,Education,190000,12,0,39.1,11.77,Central,Rejected,No
LN100696,23,Self-Employed,508100,696,Medical,325000,24,1,27.0,11.92,South,Approved,No
LN100697,24,Business Owner,1904600,792,Vehicle,2048000,60,0,37.8,10.99,East,Approved,No
LN100698,51,Self-Employed,789000,740,Personal,993000,60,1,43.9,11.85,Central,Rejected,No
LN100699,49,Self-Employed,783200,850,Education,96000,36,1,37.5,10.71,East,Approved,No
LN100700,36,Salaried,530400,652,Personal,755000,84,1,24.4,12.39,North,Rejected,No
LN100701,45,Salaried,468200,636,Home,186000,24,0,47.4,12.53,West,Rejected,No
LN100702,36,Salaried,195300,780,Home,118000,60,2,40.9,11.27,Central,Rejected,No
LN100703,32,Salaried,1107400,622,Personal,717000,48,0,32.3,11.34,West,Rejected,No
LN100704,38,Business Owner,831800,687,Personal,553000,48,1,31.7,12.09,West,Rejected,No
LN100705,33,Salaried,589000,696,Education,820000,12,1,36.5,12.23,West,Approved,No
LN100706,53,Self-Employed,602700,767,Vehicle,102000,60,1,28.3,11.27,East,Approved,No
LN100707,37,Business Owner,974400,740,Medical,423000,60,0,12.4,12.55,South,Approved,No
LN100708,33,Business Owner,276400,730,Home,38000,36,0,41.0,12.12,Central,Rejected,No
LN100709,42,Salaried,469900,674,Home,669000,60,1,40.3,12.33,North,Approved,No
LN100710,51,Salaried,347900,779,Vehicle,617000,60,1,5.0,11.07,West,Approved,No
LN100711,31,Student,106584,850,Education,130000,36,0,38.1,12.46,South,Approved,No
LN100712,58,Self-Employed,1052100,745,Personal,1161000,60,2,53.1,12.37,West,Rejected,No
LN100713,39,Business Owner,193500,706,Personal,318000,48,0,18.5,10.08,West,Rejected,No
LN100714,47,Business Owner,282700,616,Personal,151000,72,0,31.1,12.98,West,Rejected,No
LN100715,59,Business Owner,604400,659,Personal,129000,60,1,29.8,11.68,North,Approved,No
LN100716,38,Salaried,501300,686,Vehicle,485000,24,1,51.9,11.29,East,Rejected,No
LN100717,28,Self-Employed,313700,665,Business,170000,60,0,45.5,13.83,North,Rejected,No
LN100718,50,Salaried,1894300,699,Home,1642000,36,1,21.5,12.81,North,Approved,No
LN100719,21,Self-Employed,771900,816,Education,676000,84,1,36.1,10.57,East,Approved,No
LN100720,39,Student,86067,781,Personal,55000,60,0,59.6,11.44,Central,Rejected,No
LN100721,60,Salaried,444200,690,Vehicle,412000,12,0,24.5,12.03,Central,Rejected,No
LN100722,37,Salaried,967000,621,Home,722000,60,1,31.9,12.03,East,Rejected,No
LN100723,48,Salaried,527300,787,Vehicle,154000,24,0,38.2,11.39,West,Rejected,No
LN100724,42,Student,229423,697,Personal,361000,72,1,24.7,11.37,South,Rejected,No
LN100725,29,Salaried,909600,588,Home,1175000,84,0,53.2,13.17,South,Approved,No
LN100726,33,Salaried,265300,746,Personal,45000,60,0,26.3,10.53,West,Approved,No
LN100727,41,Salaried,1564500,767,Business,464000,60,1,15.3,11.65,West,Approved,No
LN100728,25,Salaried,718600,542,Personal,190000,60,3,25.7,13.97,West,Rejected,No
LN100729,37,Salaried,1314900,646,Education,270000,48,3,39.8,12.58,North,Approved,No
LN100730,37,Salaried,359800,693,Business,72000,24,3,22.4,11.82,South,Rejected,No
LN100731,54,Salaried,391200,748,Education,144000,84,3,35.6,12.17,North,Approved,No
LN100732,25,Salaried,343100,666,Medical,529000,36,1,38.8,12.47,West,Approved,No
LN100733,54,Salaried,745900,646,Personal,1125000,36,0,17.5,13.31,South,Rejected,No
LN100734,37,Salaried,674000,747,Home,965000,24,1,25.2,10.56,South,Approved,No
LN100735,47,Salaried,503500,670,Business,577000,84,0,36.2,12.97,East,Approved,No
LN100736,43,Self-Employed,372100,735,Personal,495000,84,4,40.4,11.88,North,Rejected,No
LN100737,32,Salaried,323900,628,Vehicle,439000,36,0,25.5,11.65,South,Rejected,No
LN100738,58,Salaried,632900,612,Vehicle,1020000,36,1,33.8,14.35,West,Approved,No
LN100739,29,Salaried,503200,749,Personal,677000,72,1,28.6,13.22,South,Approved,No
LN100740,22,Salaried,445800,716,Personal,603000,48,0,40.7,11.97,East,Approved,No
LN100741,51,Salaried,1522100,760,Business,2233000,84,2,38.2,12.01,Central,Approved,No
LN100742,45,Salaried,621200,665,Education,650000,84,2,27.5,11.86,North,Approved,No
LN100743,56,Business Owner,1307000,648,Personal,604000,60,2,37.7,12.37,South,Rejected,No
LN100744,39,Salaried,484800,788,Personal,118000,24,0,27.0,10.4,West,Approved,No
LN100745,21,Salaried,743700,601,Personal,604000,60,1,37.5,12.06,East,Rejected,No
LN100746,21,Salaried,630500,781,Vehicle,161000,84,1,37.7,12.81,Central,Approved,No
LN100747,38,Salaried,255500,786,Vehicle,99000,36,1,60.5,12.02,North,Rejected,No
LN100748,30,Salaried,1425900,756,Business,200000,72,2,28.0,11.51,Central,Approved,No
LN100749,57,Business Owner,603400,655,Education,368000,48,2,30.3,11.78,East,Approved,No
LN100750,25,Business Owner,980000,647,Education,1714000,84,3,24.2,12.39,South,Approved,No
LN100751,56,Salaried,429800,686,Personal,320000,60,2,19.6,10.77,East,Approved,No
LN100752,29,Salaried,593700,616,Education,303000,24,3,26.5,12.02,South,Approved,No
LN100753,25,Salaried,403500,637,Home,317000,48,2,40.0,11.89,North,Approved,No
LN100754,31,Salaried,1282800,742,Home,785000,12,2,40.8,12.81,North,Approved,No
LN100755,26,Self-Employed,771400,742,Personal,961000,36,1,35.5,10.62,South,Approved,No
LN100756,37,Salaried,795400,632,Medical,937000,84,1,28.5,11.66,East,Approved,No
LN100757,34,Salaried,1371900,744,Vehicle,201000,36,1,26.1,10.09,North,Approved,No
LN100758,42,Business Owner,1227800,730,Home,1190000,84,2,21.0,10.89,North,Rejected,No
LN100759,42,Salaried,990200,798,Business,160000,24,2,25.3,10.75,South,Approved,No
LN100760,21,Salaried,297400,737,Education,372000,60,4,16.5,12.03,West,Rejected,No
LN100761,25,Self-Employed,443300,769,Medical,750000,84,0,48.3,11.73,Central,Approved,No
LN100762,27,Salaried,374200,731,Personal,615000,60,0,54.0,12.04,North,Rejected,No
LN100763,28,Salaried,969800,764,Education,436000,72,1,8.8,11.14,Central,Approved,No
LN100764,24,Salaried,714000,616,Vehicle,973000,84,0,35.5,12.47,West,Rejected,No
LN100765,33,Business Owner,302500,692,Vehicle,438000,60,1,35.3,13.86,Central,Rejected,No
LN100766,42,Salaried,585900,697,Business,920000,60,1,34.5,11.7,East,Approved,No
LN100767,33,Salaried,285800,684,Home,155000,12,0,24.9,12.27,East,Approved,No
LN100768,34,Salaried,631300,729,Business,547000,48,2,44.3,12.68,West,Approved,No
LN100769,39,Salaried,261500,741,Business,125000,36,2,36.9,11.39,East,Rejected,No
LN100770,42,Self-Employed,869400,725,Business,123000,72,1,44.4,12.25,Central,Rejected,No
LN100771,34,Salaried,800200,688,Business,977000,60,1,23.1,11.55,Central,Approved,No
LN100772,29,Self-Employed,1856300,652,Education,1547000,60,3,15.4,12.19,East,Rejected,No
LN100773,37,Self-Employed,1036200,771,Personal,541000,84,1,37.2,11.66,East,Approved,No
LN100774,21,Business Owner,515100,723,Business,793000,24,0,20.4,11.45,South,Approved,No
LN100775,40,Salaried,1019300,634,Vehicle,961000,84,2,44.7,12.06,West,Rejected,No
LN100776,58,Business Owner,301300,687,Home,540000,24,1,6.5,12.8,West,Approved,No
LN100777,36,Self-Employed,382800,587,Education,555000,36,1,26.4,13.2,West,Rejected,No
LN100778,25,Salaried,780700,702,Education,1232000,60,0,24.6,10.71,North,Rejected,No
LN100779,49,Business Owner,198300,687,Business,281000,36,0,28.0,11.73,Central,Rejected,No
LN100780,26,Business Owner,636800,663,Vehicle,178000,60,0,35.1,11.3,South,Rejected,No
LN100781,28,Salaried,370900,803,Personal,78000,60,2,36.8,11.85,South,Approved,No
LN100782,26,Business Owner,687200,625,Medical,1138000,72,1,39.7,12.8,North,Rejected,No
LN100783,56,Salaried,359300,746,Education,120000,24,1,41.1,11.89,North,Approved,No
LN100784,60,Self-Employed,820800,842,Business,628000,24,0,29.9,10.25,South,Rejected,No
LN100785,43,Student,170918,770,Home,194000,12,3,57.3,11.88,North,Approved,No
LN100786,45,Salaried,1404100,698,Home,646000,48,0,48.6,13.01,North,Rejected,No
LN100787,46,Business Owner,652400,626,Home,315000,24,0,28.3,13.26,North,Rejected,No
LN100788,45,Salaried,425900,611,Education,380000,36,0,30.4,13.29,North,Approved,No
LN100789,42,Business Owner,567500,673,Vehicle,405000,72,1,28.0,11.05,Central,Approved,No
LN100790,60,Self-Employed,310300,655,Vehicle,388000,84,0,36.4,12.36,East,Rejected,No
LN100791,50,Salaried,812700,653,Education,185000,72,0,20.3,12.29,North,Approved,No
LN100792,24,Salaried,899100,679,Home,837000,12,0,22.5,11.44,East,Rejected,No
LN100793,36,Salaried,2527600,693,Personal,1002000,60,1,6.0,10.27,East,Approved,No
LN100794,59,Salaried,461700,732,Home,522000,24,1,27.2,10.75,East,Approved,No
LN100795,37,Salaried,561000,620,Business,167000,36,2,44.8,14.03,South,Rejected,No
LN100796,29,Salaried,473600,656,Medical,206000,48,0,30.2,11.5,West,Approved,No
LN100797,55,Salaried,730400,690,Personal,1071000,84,2,30.8,12.11,North,Approved,No
LN100798,45,Salaried,801800,687,Personal,401000,60,0,35.3,12.1,North,Rejected,No
LN100799,43,Self-Employed,631200,819,Personal,854000,36,0,20.0,10.67,Central,Approved,No
LN100800,37,Self-Employed,1181400,715,Personal,667000,60,0,32.3,11.69,South,Rejected,No
LN100801,25,Self-Employed,463000,595,Medical,231000,84,2,42.7,13.68,North,Rejected,No
LN100802,36,Salaried,1118100,727,Medical,680000,12,0,35.7,11.93,North,Approved,No
LN100803,38,Business Owner,874100,735,Vehicle,1396000,72,0,43.7,11.6,West,Approved,No
LN100804,58,Self-Employed,645700,692,Personal,501000,36,0,47.2,12.5,North,Rejected,No
LN100805,33,Salaried,546600,621,Business,281000,24,1,40.0,11.96,South,Approved,No
LN100806,26,Salaried,2469200,814,Home,2500000,72,6,23.4,11.23,South,Approved,No
LN100807,38,Self-Employed,414700,630,Personal,313000,12,0,27.9,12.01,South,Rejected,No
LN100808,60,Salaried,765700,743,Personal,1105000,60,0,55.2,11.82,East,Approved,No
LN100809,40,Salaried,430200,713,Personal,767000,24,2,35.8,12.38,North,Approved,Yes
LN100810,36,Student,134777,739,Vehicle,134000,60,3,34.2,11.48,South,Rejected,No
LN100811,47,Salaried,1058600,811,Education,919000,60,0,21.7,10.63,North,Approved,No
LN100812,46,Salaried,447600,737,Home,306000,72,1,30.9,12.52,Central,Approved,No
LN100813,32,Student,134472,664,Personal,236000,72,1,40.6,11.85,East,Rejected,No
LN100814,59,Self-Employed,749000,772,Medical,690000,60,0,32.2,11.8,North,Approved,No
LN100815,44,Salaried,489200,659,Business,197000,36,1,25.8,12.86,North,Approved,No
LN100816,23,Business Owner,986300,711,Vehicle,1724000,24,2,28.6,12.67,West,Approved,No
LN100817,37,Business Owner,805200,616,Education,1396000,60,1,46.3,14.58,West,Approved,No
LN100818,57,Self-Employed,731900,633,Business,615000,48,0,40.0,12.31,South,Rejected,No
LN100819,36,Self-Employed,635200,703,Personal,440000,12,4,38.4,11.55,North,Rejected,No
LN100820,43,Salaried,823900,724,Personal,1035000,84,1,37.3,12.54,East,Rejected,No
LN100821,45,Salaried,737400,589,Vehicle,1113000,36,4,17.8,13.22,South,Approved,No
LN100822,49,Self-Employed,671500,732,Home,636000,12,1,35.3,11.3,North,Approved,No
LN100823,55,Salaried,456900,647,Business,303000,84,2,44.8,13.11,South,Approved,No
LN100824,26,Self-Employed,1650000,783,Personal,1010000,60,1,28.9,13.19,West,Rejected,No
LN100825,41,Business Owner,364800,677,Vehicle,239000,60,2,43.7,12.57,South,Approved,No
LN100826,42,Salaried,822400,627,Medical,247000,24,0,38.5,13.42,North,Rejected,No
LN100827,27,Self-Employed,545000,705,Personal,776000,48,1,41.9,13.34,North,Approved,No
LN100828,47,Salaried,1710800,640,Medical,476000,60,1,32.6,14.27,East,Rejected,No
LN100829,25,Business Owner,395500,782,Vehicle,307000,36,0,42.6,11.81,East,Approved,No
LN100830,39,Salaried,433800,700,Vehicle,659000,60,0,14.4,12.46,West,Approved,No
LN100831,34,Self-Employed,381300,690,Medical,300000,36,4,32.4,11.56,East,Rejected,No
LN100832,27,Self-Employed,776600,738,Medical,467000,36,0,40.6,11.95,East,Rejected,No
LN100833,53,Salaried,305500,635,Medical,523000,12,0,35.6,12.32,East,Rejected,No
LN100834,30,Self-Employed,499600,616,Business,157000,36,1,45.1,11.7,Central,Rejected,No
LN100835,31,Self-Employed,199000,727,Vehicle,319000,36,3,30.1,10.64,Central,Rejected,No
LN100836,55,Self-Employed,741900,629,Education,152000,60,3,25.4,12.73,South,Rejected,No
LN100837,56,Business Owner,493700,628,Vehicle,396000,60,1,12.3,12.42,West,Rejected,No
LN100838,22,Student,78674,754,Medical,92000,24,3,28.7,10.78,North,Rejected,No
LN100839,32,Salaried,1180900,734,Vehicle,861000,60,2,38.2,13.0,North,Approved,No
LN100840,49,Salaried,316600,619,Business,319000,36,0,41.1,12.12,South,Rejected,No
LN100841,52,Salaried,1007600,660,Medical,450000,48,2,15.2,12.11,West,Approved,No
LN100842,60,Business Owner,442000,641,Medical,472000,72,0,46.1,12.56,Central,Rejected,No
LN100843,43,Self-Employed,1568400,815,Medical,516000,60,0,20.3,10.89,West,Approved,No
LN100844,21,Salaried,981600,759,Personal,1427000,60,0,30.5,12.14,West,Rejected,No
LN100845,55,Salaried,373400,673,Vehicle,408000,36,0,25.2,12.6,North,Rejected,No
LN100846,27,Business Owner,392500,737,Medical,361000,24,1,37.0,12.35,Central,Approved,No
LN100847,25,Salaried,906900,612,Education,175000,60,1,33.1,13.16,North,Rejected,No
LN100848,47,Self-Employed,562700,656,Home,534000,60,1,40.1,11.69,Central,Rejected,No
LN100849,45,Salaried,592200,707,Medical,627000,60,2,54.1,13.32,North,Rejected,No
LN100850,23,Student,173728,729,Personal,96000,84,3,36.8,11.17,North,Rejected,No
LN100851,27,Salaried,430600,694,Personal,539000,36,2,25.1,11.83,East,Approved,No
LN100852,44,Salaried,683500,716,Home,158000,72,3,37.5,11.79,North,Approved,No
LN100853,31,Business Owner,1098800,705,Personal,500000,60,1,55.3,12.81,North,Approved,No
LN100854,48,Business Owner,1014300,689,Medical,1373000,36,0,39.9,11.97,West,Approved,No
LN100855,37,Salaried,595400,681,Personal,209000,12,1,43.3,12.35,West,Approved,No
LN100856,44,Salaried,554500,672,Vehicle,287000,60,0,12.9,12.9,South,Approved,No
LN100857,39,Self-Employed,249800,715,Personal,301000,36,1,36.6,11.11,East,Rejected,No
LN100858,35,Business Owner,363600,727,Business,487000,60,4,28.8,11.73,East,Approved,No
LN100859,34,Salaried,774400,713,Medical,145000,60,0,23.8,10.94,North,Approved,No
LN100860,48,Salaried,602500,623,Vehicle,190000,48,2,31.7,13.11,South,Rejected,No
LN100861,41,Business Owner,677300,635,Personal,581000,60,1,33.3,12.07,East,Approved,No
LN100862,44,Self-Employed,1151200,726,Education,1275000,60,2,24.5,11.66,Central,Rejected,No
LN100863,44,Business Owner,338300,796,Vehicle,295000,48,3,34.3,10.39,South,Rejected,No
LN100864,29,Self-Employed,570800,710,Education,685000,72,0,29.9,12.8,West,Approved,Yes
LN100865,57,Salaried,721100,673,Personal,999000,12,0,40.4,12.5,East,Rejected,No
LN100866,43,Business Owner,441300,715,Personal,756000,84,0,34.7,12.07,West,Approved,No
LN100867,49,Business Owner,1428400,626,Vehicle,992000,12,0,36.5,13.31,West,Rejected,No
LN100868,56,Business Owner,1071400,785,Education,404000,36,1,43.8,10.76,East,Approved,No
LN100869,57,Salaried,762500,712,Home,419000,60,0,38.7,11.67,North,Approved,No
LN100870,47,Salaried,1743800,656,Home,614000,24,1,31.9,12.49,Central,Rejected,No
LN100871,52,Business Owner,285000,689,Personal,220000,36,0,7.0,10.25,East,Approved,No
LN100872,39,Salaried,647200,666,Education,1025000,24,3,38.2,11.29,East,Approved,No
LN100873,50,Student,65410,785,Home,45000,60,1,21.1,10.5,East,Approved,No
LN100874,33,Salaried,393100,687,Medical,139000,60,2,31.0,11.31,North,Rejected,No
LN100875,49,Self-Employed,766900,710,Education,758000,12,2,36.5,11.82,East,Approved,No
LN100876,24,Business Owner,353700,737,Business,632000,48,0,48.0,12.49,East,Rejected,No
LN100877,57,Salaried,950300,652,Personal,399000,36,2,54.1,13.49,South,Rejected,No
LN100878,30,Salaried,1163000,713,Personal,1654000,84,0,20.9,12.91,North,Rejected,No
LN100879,47,Self-Employed,755000,718,Personal,1132000,24,1,16.2,11.47,West,Approved,No
LN100880,21,Self-Employed,234600,599,Home,184000,60,2,35.9,13.04,South,Rejected,No
LN100881,27,Salaried,381900,716,Business,440000,48,1,34.9,11.95,West,Rejected,No
LN100882,60,Self-Employed,886700,697,Business,740000,60,1,17.6,11.91,North,Rejected,No
LN100883,54,Business Owner,657600,708,Vehicle,359000,84,0,31.8,12.23,East,Rejected,No
LN100884,29,Salaried,147700,702,Business,122000,36,2,39.2,12.83,North,Approved,No
LN100885,26,Salaried,1287600,717,Personal,337000,60,0,17.2,12.16,West,Approved,No
LN100886,53,Salaried,700700,787,Medical,912000,48,2,20.1,11.4,East,Approved,No
LN100887,60,Salaried,414300,623,Business,625000,60,2,24.3,13.51,South,Rejected,No
LN100888,27,Salaried,1123500,678,Home,699000,36,3,29.5,12.16,Central,Rejected,No
LN100889,47,Salaried,447800,743,Business,476000,36,2,40.3,11.46,South,Rejected,No
LN100890,32,Self-Employed,445100,731,Medical,220000,24,0,28.1,11.37,South,Rejected,No
LN100891,50,Salaried,791600,730,Personal,251000,24,0,32.7,11.73,West,Rejected,No
LN100892,37,Student,172305,850,Home,212000,84,2,59.0,10.74,East,Approved,No
LN100893,26,Salaried,1587500,740,Business,521000,60,1,20.5,10.99,West,Rejected,No
LN100894,33,Salaried,792200,774,Personal,1132000,36,2,24.2,10.44,Central,Rejected,No
LN100895,42,Business Owner,838200,680,Vehicle,471000,60,3,40.1,12.63,West,Rejected,No
LN100896,52,Business Owner,1004600,635,Business,1498000,60,2,43.9,13.09,North,Rejected,No
LN100897,21,Salaried,325600,680,Personal,237000,36,1,37.0,11.07,North,Rejected,No
LN100898,59,Salaried,926400,746,Business,674000,48,1,53.7,11.74,Central,Rejected,No
LN100899,46,Salaried,434100,726,Personal,597000,60,1,35.8,13.19,North,Approved,No
LN100900,56,Self-Employed,774400,726,Education,749000,36,0,8.3,11.67,East,Rejected,No
LN100901,58,Salaried,573600,686,Medical,253000,60,0,33.2,12.49,Central,Rejected,No
LN100902,27,Salaried,856300,676,Personal,1324000,36,0,25.1,11.58,West,Rejected,No
LN100903,24,Salaried,693600,688,Personal,470000,12,2,48.6,12.74,North,Rejected,No
LN100904,52,Salaried,120000,747,Vehicle,33000,60,1,43.6,11.93,West,Rejected,No
LN100905,28,Student,152358,755,Home,123000,60,2,12.9,10.55,South,Rejected,No
LN100906,26,Self-Employed,925300,635,Personal,995000,84,0,48.2,12.6,Central,Rejected,No
LN100907,39,Salaried,830700,750,Vehicle,944000,24,2,43.3,11.58,East,Approved,No
LN100908,57,Salaried,614300,658,Medical,934000,60,0,28.1,11.22,East,Rejected,No
LN100909,52,Salaried,1603800,730,Medical,1637000,84,2,31.1,10.84,North,Rejected,No
LN100910,41,Salaried,771400,688,Business,371000,60,3,48.7,12.4,South,Rejected,No
LN100911,28,Business Owner,826900,802,Education,451000,84,0,8.3,10.02,South,Approved,No
LN100912,34,Business Owner,1154500,673,Personal,313000,84,1,37.3,12.16,West,Rejected,No
LN100913,48,Business Owner,793500,712,Home,1072000,72,2,45.1,11.13,East,Rejected,No
LN100914,27,Student,148290,739,Business,42000,84,0,30.9,12.25,Central,Approved,No
LN100915,41,Student,233300,643,Vehicle,264000,60,2,39.8,14.13,North,Rejected,No
LN100916,21,Student,245651,695,Medical,274000,48,1,33.2,12.81,South,Rejected,No
LN100917,34,Salaried,987800,683,Vehicle,1418000,84,1,22.6,12.72,East,Rejected,No
LN100918,30,Salaried,535300,667,Education,121000,72,1,22.3,12.48,West,Approved,No
LN100919,48,Salaried,1009900,671,Medical,449000,24,0,40.5,12.66,East,Rejected,No
LN100920,57,Self-Employed,705400,772,Personal,1161000,36,0,24.4,11.32,South,Approved,No
LN100921,26,Salaried,1320000,661,Business,1416000,36,0,13.7,11.24,North,Approved,Yes
LN100922,52,Business Owner,552600,737,Medical,485000,72,2,33.5,12.25,West,Rejected,No
LN100923,47,Self-Employed,840600,720,Personal,1153000,36,0,25.8,12.15,Central,Approved,Yes
LN100924,59,Self-Employed,858500,609,Vehicle,1403000,36,1,17.6,12.07,West,Approved,No
LN100925,57,Salaried,1484500,734,Personal,812000,60,1,32.9,12.14,West,Rejected,No
LN100926,25,Salaried,254300,608,Business,415000,12,2,41.2,12.51,East,Rejected,No
LN100927,50,Salaried,505100,741,Medical,144000,84,5,32.2,11.26,West,Approved,No
LN100928,44,Business Owner,1036600,667,Vehicle,1827000,48,1,19.2,12.51,West,Approved,No
LN100929,25,Self-Employed,1521100,701,Personal,578000,24,2,37.8,12.46,North,Rejected,No
LN100930,31,Self-Employed,741700,616,Education,410000,36,0,44.4,12.84,South,Rejected,No
LN100931,58,Salaried,553300,708,Personal,146000,60,0,58.6,12.38,Central,Approved,No
LN100932,42,Salaried,985700,760,Business,1445000,60,1,49.3,12.1,Central,Approved,No
LN100933,34,Salaried,1048100,648,Business,1858000,48,0,19.9,10.85,West,Rejected,No
LN100934,33,Business Owner,533300,661,Vehicle,323000,36,0,42.3,12.06,South,Rejected,No
LN100935,54,Business Owner,779500,730,Vehicle,509000,84,1,35.1,10.98,West,Rejected,No
LN100936,32,Salaried,1244200,731,Education,715000,60,0,18.2,11.44,South,Approved,No
LN100937,27,Student,169689,542,Home,62000,60,0,35.4,14.14,South,Rejected,No
LN100938,43,Salaried,977900,831,Vehicle,1407000,48,1,55.0,11.89,East,Rejected,No
LN100939,60,Business Owner,666000,734,Business,135000,84,1,46.4,11.75,East,Approved,No
LN100940,28,Salaried,631000,745,Vehicle,1101000,60,0,19.8,10.87,South,Approved,No
LN100941,31,Salaried,883200,691,Education,1481000,48,2,32.2,11.57,East,Rejected,No
LN100942,39,Business Owner,609900,579,Personal,184000,84,0,37.9,14.54,West,Rejected,No
LN100943,28,Salaried,721500,744,Education,722000,72,1,11.2,11.2,North,Approved,No
LN100944,47,Salaried,363300,663,Education,650000,60,3,11.7,11.95,South,Approved,No
LN100945,31,Salaried,1326600,735,Medical,2056000,60,0,33.9,10.31,West,Rejected,No
LN100946,26,Salaried,347200,686,Home,457000,48,3,34.0,11.36,Central,Rejected,No
LN100947,31,Self-Employed,512500,715,Vehicle,71000,60,0,9.9,11.32,Central,Approved,No
LN100948,58,Business Owner,685800,650,Personal,148000,24,0,36.7,12.19,North,Rejected,No
LN100949,58,Business Owner,1943100,756,Education,2817000,60,2,45.0,12.0,East,Approved,No
LN100950,41,Salaried,515200,623,Education,381000,36,0,29.4,12.66,West,Rejected,No
LN100951,37,Self-Employed,450600,846,Education,557000,36,0,32.7,11.29,South,Approved,No
LN100952,53,Salaried,480100,845,Vehicle,651000,84,2,38.9,9.73,West,Approved,No
LN100953,28,Salaried,1618700,806,Business,1324000,24,2,37.3,10.54,South,Rejected,No
LN100954,47,Salaried,138400,783,Vehicle,48000,72,1,12.0,10.79,West,Approved,No
LN100955,48,Student,185799,695,Vehicle,141000,36,0,21.1,11.34,North,Rejected,No
LN100956,49,Business Owner,2919500,776,Vehicle,4615000,12,0,27.2,11.08,South,Approved,No
LN100957,29,Business Owner,899600,694,Medical,596000,12,2,21.7,11.89,South,Approved,No
LN100958,49,Salaried,353800,599,Home,73000,48,3,49.6,12.75,South,Rejected,No
LN100959,45,Salaried,635200,798,Business,1099000,48,0,39.6,11.57,North,Approved,No
LN100960,56,Self-Employed,674600,773,Vehicle,848000,36,4,18.7,11.49,South,Rejected,No
LN100961,27,Self-Employed,1035200,698,Medical,1055000,60,1,29.4,12.02,East,Rejected,No
LN100962,45,Salaried,1787700,620,Education,2699000,48,1,45.6,13.51,North,Rejected,No
LN100963,54,Salaried,804900,662,Home,643000,12,0,24.2,10.61,South,Rejected,No
LN100964,32,Salaried,483000,582,Personal,857000,36,0,42.2,12.81,North,Rejected,No
LN100965,50,Student,81794,761,Education,127000,24,2,48.6,12.58,Central,Rejected,No
LN100966,24,Salaried,442700,596,Business,255000,12,1,46.6,12.62,North,Approved,No
LN100967,49,Student,240877,719,Personal,176000,36,1,34.2,11.23,East,Rejected,No
LN100968,45,Salaried,246900,645,Personal,140000,60,2,47.0,12.75,South,Rejected,No
LN100969,28,Self-Employed,274800,607,Home,335000,60,2,25.7,12.6,South,Rejected,No
LN100970,23,Salaried,397000,715,Personal,471000,72,1,61.8,12.28,Central,Rejected,No
LN100971,50,Salaried,340100,678,Education,336000,60,2,34.9,13.56,West,Rejected,No
LN100972,30,Salaried,772200,754,Medical,1345000,60,1,45.8,12.14,East,Approved,No
LN100973,40,Salaried,336100,618,Personal,303000,36,0,27.7,11.94,North,Rejected,No
LN100974,23,Business Owner,120000,651,Personal,172000,12,1,38.0,11.56,South,Approved,No
LN100975,59,Salaried,366100,545,Business,446000,60,1,38.5,13.71,South,Rejected,No
LN100976,42,Self-Employed,501400,558,Personal,492000,36,0,20.9,12.23,South,Rejected,No
LN100977,58,Salaried,465900,817,Personal,80000,36,0,20.5,12.31,Central,Approved,No
LN100978,27,Salaried,1499200,835,Education,1826000,84,1,29.5,11.18,South,Approved,No
LN100979,29,Self-Employed,463800,706,Personal,553000,24,1,45.3,12.7,South,Rejected,No
LN100980,45,Salaried,1055200,646,Vehicle,330000,12,2,10.0,12.08,North,Rejected,No
LN100981,45,Student,204927,681,Home,298000,84,0,27.6,12.85,South,Rejected,No
LN100982,52,Business Owner,635100,757,Business,568000,36,0,47.7,10.28,North,Rejected,No
LN100983,58,Business Owner,410600,667,Home,267000,36,2,17.2,11.08,South,Rejected,No
LN100984,53,Salaried,629300,715,Personal,944000,24,1,47.0,13.0,Central,Approved,No
LN100985,26,Salaried,426700,699,Home,292000,48,1,18.5,12.75,East,Approved,No
LN100986,33,Business Owner,713700,663,Vehicle,826000,84,0,21.0,11.18,North,Rejected,No
LN100987,57,Salaried,570800,666,Business,657000,60,1,30.2,10.98,South,Approved,No
LN100988,42,Salaried,386600,719,Home,73000,48,2,54.5,12.55,East,Approved,No
LN100989,55,Salaried,1121600,637,Personal,918000,36,1,24.3,12.68,North,Approved,No
LN100990,43,Business Owner,822000,729,Personal,394000,36,1,11.2,11.38,Central,Approved,No
LN100991,22,Self-Employed,508000,669,Business,223000,60,0,15.2,11.81,East,Rejected,No
LN100992,39,Business Owner,704200,708,Home,855000,36,1,43.2,10.94,East,Approved,No
LN100993,53,Business Owner,620700,790,Business,74000,24,2,15.7,10.63,West,Approved,No
LN100994,47,Salaried,403300,689,Vehicle,705000,60,1,46.3,12.31,North,Approved,No
LN100995,26,Business Owner,675700,760,Vehicle,522000,72,2,32.8,11.18,North,Approved,No
LN100996,29,Salaried,461900,584,Vehicle,281000,84,1,31.6,11.6,East,Approved,No
LN100997,55,Self-Employed,386500,669,Vehicle,643000,72,0,35.6,12.77,North,Rejected,No
LN100998,60,Salaried,266300,702,Personal,247000,60,1,22.4,12.38,North,Rejected,No
LN100999,51,Student,135595,825,Home,155000,60,0,33.7,10.51,Central,Rejected,No
LN101000,24,Salaried,887900,573,Vehicle,1139000,84,0,17.7,12.55,West,Rejected,No
LN101001,45,Salaried,443600,694,Personal,702000,12,3,48.2,12.13,North,Rejected,No
LN101002,54,Salaried,2600200,795,Vehicle,834000,48,2,19.7,10.62,Central,Approved,No
LN101003,46,Salaried,1058000,649,Home,253000,36,1,37.3,12.91,North,Rejected,No
LN101004,44,Salaried,1331900,686,Vehicle,2383000,84,2,19.6,12.19,West,Rejected,No
LN101005,39,Self-Employed,1006600,722,Vehicle,116000,84,0,25.6,12.44,South,Approved,No
LN101006,30,Salaried,1800900,712,Personal,2348000,72,2,27.5,12.55,East,Approved,No
LN101007,32,Business Owner,421600,802,Medical,480000,36,0,67.8,11.98,West,Approved,No
LN101008,50,Salaried,158900,729,Personal,165000,84,3,31.8,13.78,North,Approved,No
LN101009,23,Self-Employed,508600,786,Personal,730000,12,1,22.1,12.17,Central,Rejected,No
LN101010,24,Salaried,883600,677,Home,1579000,24,0,26.7,11.62,North,Rejected,No
LN101011,36,Self-Employed,706500,652,Medical,127000,60,1,13.9,12.05,Central,Approved,No
LN101012,51,Self-Employed,756300,685,Education,866000,60,0,30.0,10.7,North,Rejected,No
LN101013,47,Salaried,1344100,625,Vehicle,1772000,72,0,54.2,13.2,North,Rejected,No
LN101014,44,Student,153078,731,Education,95000,36,0,36.0,13.05,North,Rejected,No
LN101015,42,Salaried,1008700,675,Home,1632000,36,2,42.8,14.44,South,Rejected,No
LN101016,25,Salaried,387700,656,Business,340000,48,0,21.1,12.02,East,Approved,No
LN101017,34,Self-Employed,355800,732,Education,135000,12,1,29.6,11.94,East,Approved,No
LN101018,24,Business Owner,1579300,626,Education,2452000,72,1,34.4,13.1,West,Rejected,No
LN101019,51,Salaried,687100,750,Home,1170000,36,2,23.3,12.79,East,Approved,No
LN101020,51,Salaried,461400,669,Medical,124000,24,0,36.8,11.7,East,Rejected,No
LN101021,31,Business Owner,461800,775,Business,636000,48,0,39.4,13.47,South,Approved,No
LN101022,32,Business Owner,454800,674,Medical,212000,60,2,38.5,12.17,West,Rejected,No
LN101023,33,Student,182748,741,Business,25000,72,1,30.2,10.83,Central,Approved,Yes
LN101024,56,Self-Employed,320900,712,Medical,174000,36,2,45.1,12.04,South,Rejected,No
LN101025,40,Self-Employed,284800,748,Vehicle,442000,24,1,28.9,11.0,South,Rejected,No
LN101026,51,Salaried,583900,707,Home,199000,84,1,27.8,12.16,South,Rejected,No
LN101027,38,Student,77203,592,Vehicle,25000,60,0,49.3,12.16,South,Rejected,No
LN101028,48,Salaried,1195000,766,Education,1621000,36,0,18.7,11.26,East,Approved,No
LN101029,42,Self-Employed,763700,694,Personal,604000,24,1,11.6,12.03,North,Approved,Yes
LN101030,32,Salaried,752100,751,Home,265000,84,0,21.6,12.39,West,Approved,No
LN101031,56,Self-Employed,431900,745,Home,212000,60,0,36.6,12.26,North,Rejected,No
LN101032,49,Self-Employed,608100,650,Personal,882000,36,0,47.4,13.8,North,Rejected,No
LN101033,51,Salaried,792800,641,Home,919000,24,0,24.1,11.88,North,Approved,No
LN101034,58,Business Owner,963800,743,Home,1343000,24,0,53.8,12.5,South,Rejected,No
LN101035,30,Salaried,617300,680,Home,164000,36,0,32.3,10.63,West,Approved,No
LN101036,24,Self-Employed,1176700,761,Personal,1034000,24,2,30.6,11.42,Central,Approved,No
LN101037,44,Salaried,652900,688,Home,950000,36,0,21.8,12.14,South,Approved,No
LN101038,34,Salaried,1005300,767,Home,555000,24,0,55.4,12.41,South,Rejected,No
LN101039,38,Salaried,496500,728,Education,192000,36,1,30.2,10.65,West,Approved,No
LN101040,30,Salaried,239900,719,Business,180000,48,2,16.0,11.2,West,Rejected,No
LN101041,36,Salaried,753400,676,Education,502000,48,0,61.5,12.78,West,Rejected,No
LN101042,36,Self-Employed,968600,715,Home,402000,72,2,36.7,11.72,South,Rejected,No
LN101043,35,Self-Employed,892000,778,Medical,1536000,36,1,41.6,12.15,East,Approved,No
LN101044,50,Self-Employed,819900,696,Business,755000,72,1,52.2,12.41,North,Rejected,No
LN101045,44,Salaried,536600,735,Home,608000,84,1,39.4,12.0,South,Rejected,No
LN101046,39,Salaried,417100,703,Education,128000,84,1,43.7,11.95,Central,Rejected,No
LN101047,25,Salaried,880400,708,Home,1001000,24,2,32.7,12.72,North,Approved,No
LN101048,43,Business Owner,821800,812,Personal,858000,36,1,40.8,12.15,South,Approved,No
LN101049,28,Business Owner,477500,778,Education,804000,60,1,31.6,11.18,South,Approved,No
LN101050,33,Salaried,1196500,705,Medical,958000,24,1,31.8,13.98,North,Approved,No
LN101051,37,Self-Employed,400000,714,Business,572000,24,2,33.4,11.41,Central,Rejected,No
LN101052,26,Salaried,471600,654,Personal,291000,12,1,27.2,12.98,North,Approved,No
LN101053,36,Salaried,1598800,689,Home,1733000,60,0,38.1,11.6,East,Rejected,No
LN101054,31,Salaried,1048100,720,Business,1756000,72,1,38.0,12.56,West,Approved,No
LN101055,54,Salaried,533800,755,Personal,621000,36,2,41.8,12.32,North,Approved,No
LN101056,55,Self-Employed,761300,749,Business,997000,84,0,39.7,11.12,North,Rejected,No
LN101057,21,Business Owner,707800,628,Home,1125000,60,1,56.0,13.11,South,Rejected,No
LN101058,45,Salaried,143600,764,Personal,240000,12,2,44.6,13.14,North,Approved,No
LN101059,46,Self-Employed,394800,694,Business,179000,48,1,29.5,11.44,North,Rejected,No
LN101060,36,Self-Employed,632100,636,Medical,274000,12,3,37.4,12.95,East,Rejected,No
LN101061,39,Student,174314,787,Personal,181000,84,3,49.0,11.99,North,Rejected,No
LN101062,52,Self-Employed,744600,795,Personal,1335000,60,1,20.6,10.95,East,Rejected,No
LN101063,36,Salaried,1209800,717,Vehicle,1129000,60,0,56.2,11.28,Central,Rejected,No
LN101064,23,Self-Employed,544600,746,Personal,361000,60,4,22.7,12.0,South,Rejected,No
LN101065,35,Salaried,363300,750,Medical,368000,36,3,42.8,11.9,North,Approved,Yes
LN101066,31,Student,98345,791,Personal,25000,84,2,32.1,12.07,North,Approved,No
LN101067,36,Salaried,543100,747,Education,218000,84,1,31.4,11.8,North,Approved,No
LN101068,30,Self-Employed,596500,614,Home,211000,60,0,16.4,12.37,South,Rejected,No
LN101069,26,Salaried,553600,831,Personal,82000,48,3,42.9,11.51,East,Approved,Yes
LN101070,60,Salaried,2230500,769,Business,2962000,12,0,16.5,10.39,North,Approved,No
LN101071,26,Business Owner,189500,667,Home,124000,12,4,14.7,12.95,South,Rejected,No
LN101072,49,Self-Employed,525000,633,Vehicle,203000,24,1,45.9,12.65,North,Rejected,No
LN101073,49,Salaried,648700,733,Medical,630000,60,2,53.5,12.04,West,Approved,No
LN101074,45,Business Owner,423000,682,Personal,275000,60,2,24.0,12.87,South,Approved,No
LN101075,57,Business Owner,1066200,721,Education,819000,84,0,44.0,12.33,West,Approved,No
LN101076,21,Salaried,1016600,748,Vehicle,647000,24,3,41.6,11.72,East,Approved,No
LN101077,33,Self-Employed,633100,663,Vehicle,68000,36,1,30.9,12.58,South,Approved,No
LN101078,28,Salaried,560100,627,Home,711000,12,0,48.0,13.45,East,Rejected,No
LN101079,44,Self-Employed,611200,725,Personal,176000,84,0,30.0,11.69,North,Rejected,No
LN101080,46,Salaried,613600,665,Personal,290000,60,1,38.2,13.11,West,Rejected,No
LN101081,56,Salaried,622600,709,Personal,264000,48,0,17.0,10.69,South,Rejected,No
LN101082,36,Business Owner,586100,613,Personal,389000,60,0,17.5,12.54,East,Rejected,No
LN101083,30,Business Owner,746800,684,Home,278000,60,1,46.0,13.06,East,Rejected,No
LN101084,57,Business Owner,983600,746,Home,679000,36,0,38.6,12.26,East,Rejected,No
LN101085,47,Student,173790,739,Home,89000,24,3,30.3,10.1,West,Approved,No
LN101086,51,Business Owner,364700,649,Home,74000,36,3,54.9,12.92,North,Approved,No
LN101087,38,Business Owner,248500,624,Personal,393000,36,0,54.8,12.35,East,Approved,No
LN101088,38,Business Owner,1046800,701,Home,648000,60,0,37.3,13.05,North,Approved,No
LN101089,36,Salaried,745900,736,Personal,195000,36,0,14.5,11.03,South,Rejected,No
LN101090,50,Salaried,858200,726,Home,847000,60,2,30.7,12.61,North,Approved,No
LN101091,29,Salaried,296100,667,Home,92000,60,2,22.0,11.19,East,Approved,No
LN101092,60,Self-Employed,1734900,719,Home,2454000,60,0,33.1,12.17,East,Approved,Yes
LN101093,28,Salaried,465000,798,Personal,95000,84,1,20.8,10.97,West,Rejected,No
LN101094,39,Salaried,713000,713,Personal,634000,36,0,17.6,13.5,East,Approved,No
LN101095,33,Self-Employed,1039900,594,Business,1773000,60,1,5.0,13.02,West,Approved,No
LN101096,46,Salaried,377700,713,Home,140000,12,1,34.0,12.75,Central,Rejected,No
LN101097,48,Salaried,481300,833,Personal,213000,60,1,5.0,11.71,North,Approved,No
LN101098,57,Business Owner,717300,616,Business,804000,60,1,28.2,12.8,West,Rejected,No
LN101099,52,Business Owner,3129400,702,Education,5000000,36,1,40.3,12.15,South,Rejected,No
LN101100,30,Salaried,767100,685,Home,580000,12,3,23.3,11.78,South,Rejected,No
LN101101,29,Salaried,1572600,706,Home,1891000,60,2,19.0,11.88,Central,Approved,No
LN101102,56,Salaried,1261500,713,Home,453000,60,3,31.2,9.96,North,Rejected,No
LN101103,40,Business Owner,795800,774,Business,947000,60,0,22.1,11.19,Central,Rejected,No
LN101104,24,Business Owner,377300,706,Vehicle,200000,48,0,34.2,12.19,West,Rejected,No
LN101105,53,Salaried,1164300,783,Personal,1330000,60,2,19.6,10.94,Central,Approved,Yes
LN101106,46,Business Owner,285100,692,Business,71000,60,0,30.7,10.98,East,Rejected,No
LN101107,22,Salaried,1567800,677,Vehicle,1556000,36,1,27.8,12.0,East,Approved,Yes
LN101108,52,Salaried,725600,657,Personal,365000,60,2,31.9,11.29,South,Approved,No
LN101109,45,Student,159776,582,Home,201000,60,1,51.6,14.7,South,Rejected,No
LN101110,45,Salaried,539000,718,Vehicle,739000,72,2,34.4,11.76,Central,Approved,No
LN101111,55,Salaried,931400,834,Home,1436000,48,1,38.1,9.66,South,Approved,Yes
LN101112,40,Salaried,570600,730,Education,1020000,48,2,24.5,11.45,East,Approved,No
LN101113,39,Self-Employed,963200,745,Education,848000,84,3,34.7,12.36,Central,Approved,No
LN101114,45,Business Owner,407300,673,Personal,505000,72,0,28.7,12.28,South,Approved,No
LN101115,28,Student,83576,684,Personal,25000,36,0,32.4,11.52,West,Rejected,No
LN101116,27,Salaried,625000,764,Personal,1024000,84,2,39.8,11.23,South,Approved,No
LN101117,54,Salaried,661400,831,Home,758000,24,2,26.0,10.63,North,Approved,No
LN101118,29,Business Owner,536700,797,Medical,438000,72,2,27.2,10.82,East,Approved,No
LN101119,41,Salaried,1276600,752,Home,1070000,24,1,26.2,10.58,East,Approved,No
LN101120,31,Business Owner,407200,702,Business,565000,48,4,25.9,11.81,West,Rejected,No
LN101121,30,Self-Employed,772200,714,Personal,1171000,84,1,34.1,11.03,North,Rejected,No
LN101122,44,Salaried,674800,651,Personal,994000,24,0,27.6,12.97,North,Rejected,No
LN101123,53,Business Owner,276100,606,Vehicle,267000,72,1,50.0,13.98,Central,Rejected,No
LN101124,38,Salaried,314700,627,Business,230000,48,0,64.1,12.71,East,Rejected,No
LN101125,26,Salaried,654300,703,Personal,1117000,24,2,25.2,11.33,East,Rejected,No
LN101126,30,Self-Employed,1932600,681,Home,2277000,84,1,35.5,11.97,South,Rejected,No
LN101127,27,Salaried,893900,604,Business,916000,60,2,44.5,13.08,Central,Rejected,No
LN101128,56,Self-Employed,251600,698,Home,281000,72,1,28.8,12.14,Central,Approved,No
LN101129,33,Self-Employed,120000,679,Personal,140000,72,0,20.1,12.22,East,Approved,No
LN101130,35,Student,71949,624,Personal,94000,12,1,52.9,13.46,North,Rejected,No
LN101131,23,Student,226688,676,Business,236000,36,3,40.2,13.51,Central,Approved,No
LN101132,38,Salaried,1217600,679,Vehicle,1934000,36,1,35.8,12.33,Central,Approved,No
LN101133,57,Salaried,400400,660,Education,625000,60,2,49.4,11.87,East,Rejected,No
LN101134,37,Self-Employed,788100,760,Vehicle,671000,12,0,41.2,10.65,East,Approved,No
LN101135,47,Student,77783,576,Education,30000,36,1,31.4,14.15,South,Rejected,No
LN101136,28,Salaried,508200,571,Personal,549000,72,2,20.3,13.12,North,Rejected,No
LN101137,26,Salaried,514200,700,Vehicle,594000,24,0,26.1,12.02,West,Rejected,No
LN101138,50,Salaried,659100,706,Business,652000,60,2,46.5,12.65,West,Approved,No
LN101139,23,Salaried,876100,726,Education,1414000,48,1,40.2,12.13,East,Approved,No
LN101140,38,Self-Employed,644900,665,Home,166000,12,0,29.8,12.55,West,Rejected,No
LN101141,33,Salaried,1110600,640,Vehicle,654000,24,1,53.2,12.77,South,Rejected,No
LN101142,21,Business Owner,504200,700,Home,793000,24,3,30.1,12.72,Central,Rejected,No
LN101143,42,Business Owner,313000,671,Education,531000,60,0,43.9,12.19,North,Rejected,No
LN101144,59,Business Owner,1928100,801,Vehicle,1589000,24,0,34.6,10.65,Central,Approved,No
LN101145,23,Salaried,466100,679,Vehicle,199000,72,1,55.2,11.59,North,Rejected,No
LN101146,53,Salaried,475500,697,Education,387000,72,1,41.0,12.11,North,Approved,No
LN101147,42,Business Owner,626900,850,Personal,549000,24,1,32.6,11.73,East,Approved,No
LN101148,49,Business Owner,674500,687,Business,663000,72,0,29.9,11.76,North,Rejected,No
LN101149,24,Salaried,525500,736,Personal,298000,84,2,31.8,10.77,North,Rejected,No
LN101150,55,Business Owner,643800,742,Education,407000,12,2,23.3,11.67,West,Approved,No
LN101151,21,Salaried,635900,748,Home,772000,84,1,15.6,10.78,South,Approved,No
LN101152,57,Business Owner,715600,719,Home,828000,36,0,35.7,13.05,West,Rejected,No
LN101153,47,Salaried,177700,713,Personal,218000,60,1,25.6,12.51,North,Approved,No
LN101154,34,Salaried,1828900,707,Personal,1356000,24,1,25.6,10.92,South,Approved,No
LN101155,21,Self-Employed,599400,663,Home,403000,72,1,30.9,12.17,South,Approved,No
LN101156,45,Salaried,894500,721,Home,624000,72,1,32.6,11.34,East,Rejected,No
LN101157,24,Salaried,304600,832,Education,523000,84,0,32.1,10.16,South,Approved,No
LN101158,45,Salaried,501700,779,Education,387000,84,1,52.9,11.88,South,Rejected,No
LN101159,51,Salaried,449100,720,Medical,508000,12,2,39.9,12.64,South,Approved,No
LN101160,31,Business Owner,1458700,756,Education,1442000,60,1,57.3,12.15,North,Rejected,No
LN101161,30,Salaried,471000,644,Home,749000,36,5,26.7,11.98,East,Rejected,No
LN101162,29,Self-Employed,986300,683,Vehicle,718000,24,0,41.4,10.85,East,Rejected,No
LN101163,29,Business Owner,454500,762,Home,381000,24,0,27.4,10.95,South,Rejected,No
LN101164,25,Salaried,506800,797,Home,777000,84,1,25.3,11.47,North,Approved,Yes
LN101165,30,Salaried,567900,650,Vehicle,212000,60,1,57.7,12.13,Central,Rejected,No
LN101166,47,Business Owner,1317000,669,Education,1462000,12,1,22.8,12.94,South,Approved,No
LN101167,33,Business Owner,229900,842,Home,179000,84,0,5.2,9.81,Central,Approved,No
LN101168,52,Self-Employed,315200,706,Personal,560000,72,2,23.5,11.9,North,Approved,No
LN101169,53,Business Owner,222700,819,Personal,295000,36,0,7.9,10.19,Central,Approved,No
LN101170,51,Salaried,357400,713,Home,42000,48,1,20.6,10.81,South,Approved,No
LN101171,42,Salaried,416000,716,Business,635000,60,1,21.7,11.95,East,Rejected,No
LN101172,33,Self-Employed,267500,680,Education,347000,60,0,32.4,11.78,South,Approved,No
LN101173,58,Salaried,434100,761,Medical,457000,48,2,7.4,10.34,Central,Approved,No
LN101174,29,Business Owner,214600,788,Medical,108000,60,0,46.4,10.02,South,Approved,No
LN101175,39,Salaried,371300,633,Vehicle,131000,12,3,9.5,12.91,West,Approved,No
LN101176,39,Business Owner,1257900,677,Education,1470000,60,1,30.5,12.18,North,Rejected,No
LN101177,50,Salaried,811500,759,Business,688000,36,2,28.1,12.23,East,Approved,Yes
LN101178,42,Salaried,720600,692,Vehicle,1128000,36,0,41.9,12.77,West,Rejected,No
LN101179,52,Salaried,374400,668,Home,204000,36,0,36.2,13.16,East,Approved,No
LN101180,57,Salaried,279300,766,Personal,331000,60,0,46.2,11.46,West,Approved,No
LN101181,36,Business Owner,347400,772,Vehicle,182000,48,1,27.7,10.38,West,Approved,Yes
LN101182,55,Salaried,634700,671,Business,750000,48,0,26.4,12.65,East,Approved,No
LN101183,27,Salaried,1047800,714,Personal,191000,24,1,37.0,12.13,North,Rejected,No
LN101184,57,Salaried,1067700,621,Business,818000,84,1,44.4,12.64,South,Rejected,No
LN101185,28,Salaried,919500,642,Personal,362000,36,3,41.9,13.26,West,Approved,No
LN101186,55,Business Owner,433300,708,Personal,490000,48,2,35.9,12.27,South,Rejected,No
LN101187,36,Salaried,658800,702,Personal,421000,24,2,34.8,12.53,East,Approved,No
LN101188,59,Student,130362,637,Medical,184000,60,1,31.6,11.8,North,Rejected,No
LN101189,26,Salaried,581900,653,Medical,172000,48,1,36.9,13.21,Central,Rejected,No
LN101190,39,Self-Employed,1993000,631,Business,2084000,48,0,56.4,13.18,East,Rejected,No
LN101191,57,Salaried,246600,730,Business,274000,72,1,29.1,12.47,East,Rejected,No
LN101192,22,Salaried,571300,572,Personal,79000,60,1,27.6,13.62,West,Rejected,No
LN101193,31,Business Owner,1265800,634,Education,204000,60,4,26.7,12.9,West,Rejected,No
LN101194,24,Student,186654,579,Business,116000,48,1,36.7,13.03,North,Rejected,No
LN101195,33,Business Owner,456200,727,Home,518000,84,0,6.5,11.67,South,Approved,No
LN101196,36,Salaried,485900,583,Education,844000,84,1,30.4,13.7,South,Rejected,No
LN101197,45,Salaried,574900,702,Vehicle,146000,60,1,42.6,12.7,South,Rejected,No
LN101198,31,Self-Employed,270200,807,Personal,350000,60,1,25.7,11.15,South,Approved,No
LN101199,27,Salaried,901800,809,Personal,1152000,72,0,34.2,11.71,South,Rejected,No
LN101200,27,Self-Employed,937700,583,Home,1161000,84,0,57.3,13.23,North,Rejected,No
LN101201,58,Self-Employed,859700,719,Home,840000,24,1,36.0,13.03,North,Rejected,No
LN101202,59,Self-Employed,402700,636,Education,702000,84,0,5.1,10.69,South,Approved,No
LN101203,29,Business Owner,681700,622,Vehicle,650000,60,0,15.1,12.25,North,Rejected,No
LN101204,28,Self-Employed,396300,693,Home,604000,60,2,29.0,11.72,East,Approved,No
LN101205,23,Salaried,541300,780,Personal,296000,48,2,22.4,10.7,North,Approved,No
LN101206,59,Salaried,2124700,739,Education,3125000,36,0,33.2,11.96,North,Rejected,No
LN101207,49,Self-Employed,685100,654,Vehicle,1229000,72,2,28.5,11.52,West,Approved,No
LN101208,51,Salaried,338300,746,Vehicle,557000,60,4,46.0,13.51,East,Rejected,No
LN101209,32,Salaried,717800,554,Personal,443000,36,1,18.9,11.92,Central,Rejected,No
LN101210,46,Salaried,309000,651,Business,475000,60,1,29.5,11.69,Central,Rejected,No
LN101211,23,Business Owner,336100,646,Home,88000,24,0,34.6,11.79,East,Rejected,No
LN101212,48,Business Owner,366600,705,Vehicle,459000,48,1,36.1,12.23,West,Rejected,No
LN101213,44,Self-Employed,509100,687,Personal,347000,60,2,33.8,12.88,North,Rejected,No
LN101214,34,Salaried,1088200,691,Home,1327000,60,0,5.0,11.79,West,Approved,No
LN101215,49,Salaried,893500,689,Business,716000,24,1,33.0,13.17,East,Rejected,No
LN101216,46,Self-Employed,866600,701,Medical,100000,24,3,30.2,11.39,West,Rejected,No
LN101217,38,Salaried,355200,735,Personal,175000,36,3,42.4,12.47,North,Rejected,No
LN101218,28,Self-Employed,482600,710,Medical,83000,60,0,40.7,11.95,Central,Rejected,No
LN101219,21,Self-Employed,754900,682,Vehicle,624000,84,1,34.9,12.4,South,Approved,No
LN101220,58,Salaried,460100,726,Vehicle,703000,60,3,35.8,12.69,West,Rejected,No
LN101221,32,Salaried,557700,754,Home,755000,60,1,48.2,10.81,Central,Approved,No
LN101222,33,Salaried,828600,664,Home,1194000,36,1,45.8,14.05,Central,Rejected,No
LN101223,48,Business Owner,536500,696,Education,790000,24,1,35.3,12.04,South,Rejected,No
LN101224,31,Self-Employed,736100,776,Vehicle,539000,72,2,57.7,10.93,South,Rejected,No
LN101225,36,Salaried,1560800,628,Personal,1499000,60,2,24.5,11.93,West,Approved,No
LN101226,49,Business Owner,591400,817,Education,570000,24,0,17.8,10.81,East,Approved,No
LN101227,44,Salaried,1243400,613,Personal,364000,60,2,31.9,12.23,South,Approved,No
LN101228,47,Salaried,884100,678,Home,987000,60,0,27.5,10.65,West,Approved,No
LN101229,21,Business Owner,290000,638,Vehicle,384000,36,5,5.0,11.91,Central,Approved,No
LN101230,39,Salaried,354500,842,Home,404000,12,0,24.2,10.19,South,Approved,No
LN101231,40,Salaried,411000,667,Personal,562000,60,3,36.1,12.85,North,Rejected,No
LN101232,46,Self-Employed,406200,667,Personal,123000,12,2,31.3,11.52,West,Rejected,No
LN101233,27,Salaried,618500,676,Personal,862000,48,4,22.7,13.57,East,Approved,No
LN101234,27,Self-Employed,911400,706,Home,414000,72,1,32.5,12.35,Central,Approved,No
LN101235,51,Salaried,1296400,679,Vehicle,2062000,84,5,33.5,12.37,West,Rejected,No
LN101236,47,Salaried,770100,691,Medical,398000,36,1,40.6,12.75,South,Approved,No
LN101237,53,Salaried,508700,471,Home,476000,12,2,24.3,12.39,East,Rejected,No
LN101238,31,Salaried,206800,704,Vehicle,192000,48,0,42.5,11.91,Central,Rejected,No
LN101239,60,Salaried,675700,701,Home,376000,36,1,18.9,12.94,South,Rejected,No
LN101240,31,Salaried,659300,768,Home,471000,72,4,26.0,11.11,North,Approved,No
LN101241,47,Business Owner,718800,785,Vehicle,299000,60,0,52.4,11.81,East,Rejected,No
LN101242,27,Salaried,2070200,688,Home,2213000,48,2,19.7,11.49,North,Rejected,No
LN101243,57,Salaried,1286000,753,Personal,2125000,60,0,24.1,12.43,Central,Approved,No
LN101244,34,Salaried,1001000,628,Medical,639000,36,1,17.0,12.05,North,Rejected,No
LN101245,53,Salaried,382900,750,Education,369000,60,1,22.1,10.5,South,Rejected,No
LN101246,34,Salaried,490200,663,Home,767000,84,1,33.7,14.17,Central,Approved,No
LN101247,52,Self-Employed,617000,623,Business,536000,36,0,40.5,11.89,North,Rejected,No
LN101248,39,Salaried,424300,688,Vehicle,642000,36,0,31.8,12.05,North,Rejected,No
LN101249,23,Business Owner,856000,791,Business,735000,72,0,28.1,10.61,North,Approved,No
LN101250,28,Business Owner,791000,712,Education,671000,48,2,17.1,11.07,Central,Approved,No
LN101251,48,Salaried,357200,797,Personal,131000,36,2,23.3,10.29,Central,Approved,No
LN101252,28,Salaried,1255400,651,Medical,392000,12,0,13.4,11.57,South,Approved,No
LN101253,32,Salaried,687600,768,Home,784000,48,3,40.8,12.39,West,Approved,No
LN101254,42,Self-Employed,251100,658,Business,378000,60,1,41.7,11.27,West,Rejected,No
LN101255,31,Salaried,631900,715,Personal,209000,48,1,31.5,12.78,North,Rejected,No
LN101256,26,Business Owner,758700,714,Business,1250000,36,1,37.3,12.81,South,Rejected,No
LN101257,45,Business Owner,1109900,743,Home,788000,36,0,42.5,12.3,Central,Approved,No
LN101258,48,Business Owner,539900,716,Vehicle,444000,60,1,33.2,12.02,North,Approved,No
LN101259,50,Self-Employed,1024900,652,Home,1661000,72,0,48.7,13.02,East,Rejected,No
LN101260,58,Student,207040,757,Medical,336000,60,0,19.7,12.26,South,Approved,No
LN101261,25,Salaried,315400,813,Home,313000,60,0,27.8,9.79,East,Rejected,No
LN101262,38,Salaried,298500,662,Home,170000,72,1,26.4,12.7,North,Rejected,No
LN101263,30,Salaried,1205200,581,Business,473000,24,2,39.8,12.65,North,Approved,No
LN101264,57,Student,195716,732,Education,110000,36,1,14.8,11.92,North,Rejected,No
LN101265,42,Self-Employed,776300,678,Personal,1108000,12,3,49.4,12.21,Central,Rejected,No
LN101266,24,Business Owner,1479700,691,Education,964000,36,2,38.7,12.76,North,Rejected,No
LN101267,48,Salaried,1162200,736,Personal,1488000,84,0,53.0,11.18,South,Rejected,No
LN101268,22,Student,229168,670,Home,99000,36,0,31.5,11.07,South,Approved,No
LN101269,31,Salaried,393800,683,Vehicle,360000,72,0,25.4,11.92,South,Rejected,No
LN101270,49,Salaried,1684600,693,Personal,1177000,24,0,39.9,13.28,West,Rejected,No
LN101271,41,Student,194942,796,Vehicle,186000,48,2,44.4,11.94,South,Rejected,No
LN101272,51,Salaried,525700,702,Education,562000,36,2,23.4,12.16,East,Approved,No
LN101273,43,Salaried,450100,620,Home,803000,36,3,8.0,12.67,East,Rejected,No
LN101274,54,Self-Employed,748600,622,Personal,1220000,36,0,10.1,11.82,Central,Rejected,No
LN101275,43,Salaried,259300,709,Home,333000,60,1,35.1,12.46,West,Approved,No
LN101276,23,Salaried,955100,627,Education,345000,48,0,50.5,12.67,North,Rejected,No
LN101277,23,Salaried,384700,598,Vehicle,640000,72,0,16.4,12.23,West,Approved,No
LN101278,52,Salaried,797000,741,Vehicle,1289000,84,1,28.7,11.48,West,Approved,No
LN101279,22,Business Owner,487900,744,Personal,784000,48,3,27.8,11.19,Central,Approved,No
LN101280,36,Self-Employed,562000,676,Vehicle,514000,84,1,55.0,12.75,Central,Rejected,No
LN101281,21,Salaried,428700,719,Business,167000,12,0,59.1,12.37,West,Approved,No
LN101282,33,Salaried,594800,712,Personal,822000,36,2,37.1,11.56,South,Approved,No
LN101283,44,Salaried,1837400,739,Business,1397000,48,2,42.8,11.88,South,Approved,No
LN101284,27,Self-Employed,1392400,739,Personal,955000,60,3,42.4,12.08,Central,Approved,No
LN101285,39,Business Owner,789900,531,Home,604000,60,0,16.6,12.22,Central,Rejected,No
LN101286,60,Business Owner,641000,684,Medical,673000,60,1,40.4,12.66,North,Rejected,No
LN101287,23,Salaried,1034100,734,Business,690000,72,0,19.8,11.1,East,Approved,No
LN101288,23,Salaried,1210100,673,Personal,1540000,36,1,29.9,12.33,North,Approved,No
LN101289,31,Salaried,411800,702,Home,495000,72,0,45.7,11.89,South,Rejected,No
LN101290,54,Self-Employed,622900,749,Home,601000,60,1,33.0,12.39,South,Approved,No
LN101291,37,Salaried,238600,705,Personal,46000,48,1,45.2,12.98,South,Approved,No
LN101292,46,Self-Employed,1205500,798,Vehicle,2040000,36,1,47.6,10.9,West,Approved,No
LN101293,22,Self-Employed,2023800,773,Personal,1619000,36,4,10.9,11.28,North,Approved,No
LN101294,50,Salaried,679300,692,Vehicle,587000,36,0,5.9,12.45,East,Approved,No
LN101295,23,Salaried,202000,687,Personal,177000,60,2,45.9,11.81,East,Rejected,No
LN101296,49,Salaried,908600,515,Home,655000,48,0,46.4,13.26,West,Rejected,No
LN101297,26,Salaried,395300,679,Home,493000,24,0,35.1,12.79,North,Approved,No
LN101298,55,Salaried,451300,612,Home,56000,60,0,36.7,11.93,South,Approved,No
LN101299,32,Self-Employed,917400,714,Business,1454000,60,0,42.7,11.64,West,Rejected,No
LN101300,28,Salaried,747700,710,Personal,205000,84,1,42.5,11.5,West,Approved,No
LN101301,34,Salaried,497000,745,Medical,894000,60,1,28.3,12.1,South,Approved,No
LN101302,21,Self-Employed,454700,791,Personal,531000,60,0,43.5,11.1,East,Approved,No
LN101303,27,Business Owner,696600,698,Business,148000,48,1,27.8,11.74,Central,Rejected,No
LN101304,44,Salaried,518900,848,Personal,548000,60,0,34.9,10.39,South,Rejected,No
LN101305,33,Business Owner,353100,715,Business,234000,48,1,34.4,12.77,North,Approved,No
LN101306,35,Business Owner,541300,615,Medical,931000,24,0,21.7,11.85,Central,Approved,No
LN101307,53,Self-Employed,783500,663,Personal,1085000,84,2,23.1,11.11,West,Rejected,No
LN101308,25,Self-Employed,589300,676,Home,567000,60,0,58.8,11.87,South,Rejected,No
LN101309,36,Salaried,298700,738,Personal,248000,60,0,21.3,11.94,Central,Approved,No
LN101310,28,Student,206986,638,Home,371000,48,1,36.4,13.17,South,Rejected,No
LN101311,40,Salaried,144100,681,Home,178000,60,0,39.0,13.23,West,Approved,No
LN101312,34,Business Owner,508500,690,Personal,495000,24,3,31.3,11.2,East,Approved,No
LN101313,22,Self-Employed,462100,671,Business,359000,36,2,40.1,12.3,East,Rejected,No
LN101314,23,Salaried,705200,753,Home,460000,24,4,35.9,13.4,Central,Rejected,No
LN101315,55,Salaried,885300,742,Home,1150000,24,1,21.6,11.22,West,Approved,No
LN101316,23,Self-Employed,1208000,776,Business,1328000,12,2,38.4,11.18,North,Approved,No
LN101317,52,Self-Employed,439300,678,Home,677000,60,3,25.5,12.02,West,Approved,No
LN101318,57,Salaried,897500,778,Home,934000,36,1,52.9,12.29,West,Rejected,No
LN101319,39,Business Owner,723900,611,Personal,789000,72,1,37.1,13.22,East,Approved,No
LN101320,33,Business Owner,253600,610,Business,231000,84,1,23.6,12.1,South,Rejected,No
LN101321,52,Salaried,1848800,621,Personal,2582000,24,0,36.1,12.35,South,Approved,No
LN101322,60,Salaried,294600,701,Personal,237000,60,0,20.9,11.53,Central,Approved,Yes
LN101323,25,Salaried,818700,778,Vehicle,1268000,48,3,35.1,10.97,South,Approved,No
LN101324,59,Business Owner,805500,661,Education,528000,84,1,29.3,11.41,East,Approved,No
LN101325,58,Salaried,756400,669,Business,966000,48,0,22.1,13.29,East,Rejected,No
LN101326,26,Business Owner,495200,686,Business,801000,36,2,21.9,11.6,North,Approved,No
LN101327,23,Salaried,1024500,737,Vehicle,1442000,36,3,61.2,12.21,North,Rejected,No
LN101328,49,Self-Employed,275600,669,Education,188000,84,2,33.1,12.08,North,Rejected,No
LN101329,24,Salaried,626900,665,Education,815000,36,1,26.8,12.12,North,Approved,No
LN101330,45,Salaried,476700,613,Home,215000,72,4,24.7,12.84,Central,Rejected,No
LN101331,23,Business Owner,447900,663,Education,89000,24,0,37.7,12.14,North,Rejected,No
LN101332,48,Salaried,822900,777,Home,1189000,60,0,24.3,12.01,South,Approved,No
LN101333,30,Self-Employed,1175700,706,Business,1733000,48,3,18.9,12.07,East,Rejected,No
LN101334,24,Student,112138,652,Education,25000,24,2,31.6,12.27,Central,Rejected,No
LN101335,23,Student,133620,780,Personal,229000,24,1,31.5,10.91,North,Rejected,No
LN101336,28,Business Owner,668000,662,Personal,573000,36,2,27.0,12.96,North,Approved,No
LN101337,42,Salaried,397800,792,Business,652000,60,1,21.3,10.91,West,Approved,No
LN101338,24,Self-Employed,564000,791,Medical,812000,60,1,27.3,10.31,East,Approved,No
LN101339,53,Business Owner,551300,704,Vehicle,899000,36,0,26.4,12.57,East,Approved,No
LN101340,45,Salaried,443100,603,Home,672000,48,1,24.7,12.11,North,Rejected,No
LN101341,32,Salaried,822700,849,Personal,1444000,24,2,35.3,11.52,Central,Rejected,No
LN101342,60,Business Owner,739500,725,Home,865000,60,1,58.7,10.73,East,Approved,No
LN101343,47,Salaried,271000,679,Education,132000,60,4,48.0,12.33,West,Rejected,No
LN101344,47,Self-Employed,262100,762,Home,200000,72,2,55.3,12.92,Central,Approved,Yes
LN101345,27,Student,74993,746,Business,103000,72,1,25.2,11.49,West,Approved,No
LN101346,49,Self-Employed,415100,785,Home,152000,36,2,52.1,12.27,North,Rejected,No
LN101347,43,Salaried,767500,657,Vehicle,1290000,36,1,34.7,11.81,West,Rejected,No
LN101348,60,Salaried,998700,721,Vehicle,448000,72,2,43.8,12.4,East,Approved,No
LN101349,40,Salaried,323100,623,Personal,513000,24,5,37.5,12.78,North,Rejected,No
LN101350,48,Salaried,299100,743,Education,276000,12,1,27.9,11.75,South,Approved,No
LN101351,34,Business Owner,1632600,699,Business,2496000,36,0,40.6,13.68,North,Rejected,No
LN101352,22,Business Owner,788700,718,Personal,1364000,60,0,37.8,12.94,Central,Approved,No
LN101353,26,Salaried,516100,690,Vehicle,422000,60,1,10.8,12.13,West,Approved,No
LN101354,55,Salaried,388900,684,Vehicle,499000,84,2,30.5,12.68,West,Approved,No
LN101355,50,Business Owner,490900,644,Business,238000,36,1,42.5,12.1,West,Approved,Yes
LN101356,35,Salaried,337700,751,Business,493000,36,0,35.3,11.37,East,Approved,No
LN101357,48,Self-Employed,1056600,797,Vehicle,1578000,36,1,37.6,10.32,Central,Rejected,No
LN101358,21,Salaried,424000,664,Vehicle,255000,60,1,23.0,11.2,South,Approved,No
LN101359,22,Self-Employed,1186100,736,Home,167000,36,3,35.1,11.19,South,Approved,No
LN101360,41,Salaried,521500,728,Home,434000,84,0,30.8,11.75,East,Approved,No
LN101361,45,Self-Employed,366200,701,Home,142000,60,1,29.6,11.1,West,Approved,No
LN101362,58,Salaried,514100,601,Home,767000,60,0,23.8,12.58,West,Rejected,No
LN101363,51,Self-Employed,153500,615,Home,83000,72,3,43.0,12.87,Central,Rejected,No
LN101364,31,Salaried,608200,649,Business,1037000,48,2,36.1,11.74,West,Rejected,No
LN101365,53,Salaried,591900,561,Business,1037000,60,0,34.9,14.28,South,Rejected,No
LN101366,40,Self-Employed,1023100,792,Business,1683000,36,0,56.6,10.98,South,Rejected,No
LN101367,54,Salaried,230300,724,Personal,258000,72,1,37.7,12.76,South,Approved,No
LN101368,27,Salaried,1231500,698,Personal,683000,72,1,46.4,10.82,West,Rejected,No
LN101369,22,Salaried,1020800,558,Home,1503000,60,0,35.3,13.14,East,Rejected,No
LN101370,23,Salaried,1294100,581,Personal,1673000,36,4,27.8,12.03,North,Rejected,No
LN101371,60,Salaried,631400,700,Education,1112000,84,1,19.3,11.25,East,Approved,No
LN101372,24,Student,231299,828,Personal,171000,84,2,34.9,12.34,West,Approved,No
LN101373,58,Salaried,289400,655,Medical,58000,60,0,5.0,11.47,South,Rejected,No
LN101374,50,Business Owner,962100,756,Business,1729000,84,2,35.3,10.89,East,Approved,No
LN101375,26,Student,95984,669,Education,146000,60,0,35.8,12.71,South,Rejected,No
LN101376,55,Salaried,262100,704,Personal,125000,36,1,29.4,11.68,East,Approved,No
LN101377,26,Self-Employed,350300,779,Home,467000,48,1,30.9,11.47,West,Approved,No
LN101378,26,Business Owner,652000,678,Home,66000,12,1,17.0,11.19,North,Approved,No
LN101379,44,Self-Employed,413100,655,Home,433000,60,1,48.6,12.19,West,Rejected,No
LN101380,32,Salaried,799400,792,Home,573000,60,0,28.0,10.64,West,Approved,No
LN101381,32,Salaried,240400,703,Personal,180000,24,1,20.3,12.27,South,Approved,Yes
LN101382,28,Salaried,201800,771,Vehicle,104000,36,1,38.5,11.46,Central,Approved,No
LN101383,45,Self-Employed,1382700,655,Home,784000,60,1,33.3,11.68,West,Approved,No
LN101384,22,Student,70230,791,Medical,61000,60,3,27.7,11.3,East,Approved,No
LN101385,30,Student,108176,718,Personal,56000,84,1,26.4,11.8,North,Approved,No
LN101386,43,Salaried,648900,728,Vehicle,579000,36,1,31.9,12.2,South,Rejected,No
LN101387,40,Self-Employed,1138800,709,Personal,1232000,72,1,48.1,12.02,South,Rejected,No
LN101388,48,Salaried,818500,667,Personal,1071000,24,2,37.6,12.37,South,Approved,No
LN101389,29,Business Owner,705200,700,Vehicle,882000,24,5,31.6,12.31,West,Rejected,No
LN101390,46,Salaried,1187100,671,Personal,607000,60,2,42.2,11.81,Central,Approved,No
LN101391,51,Business Owner,434900,762,Business,72000,48,2,32.3,12.16,North,Rejected,No
LN101392,36,Business Owner,661200,687,Education,1002000,60,2,36.8,12.26,West,Rejected,No
LN101393,31,Salaried,643700,603,Vehicle,1019000,36,0,33.8,12.08,East,Rejected,No
LN101394,43,Salaried,559400,591,Home,987000,36,0,39.1,12.3,West,Rejected,No
LN101395,44,Business Owner,524600,588,Business,908000,60,1,26.7,12.72,Central,Approved,No
LN101396,24,Salaried,676600,740,Education,797000,24,1,18.3,10.98,South,Approved,No
LN101397,43,Self-Employed,662400,625,Education,1073000,36,1,42.9,13.43,East,Rejected,No
LN101398,27,Business Owner,365200,720,Medical,315000,24,0,50.1,12.12,South,Rejected,No
LN101399,43,Self-Employed,1010300,709,Personal,1453000,36,1,18.9,11.84,South,Rejected,No
LN101400,58,Salaried,379900,696,Home,655000,60,0,34.2,11.52,East,Rejected,No
LN101401,42,Salaried,576500,728,Education,838000,24,1,26.6,11.65,North,Approved,No
LN101402,51,Salaried,552600,710,Vehicle,446000,60,0,42.6,13.13,South,Rejected,No
LN101403,33,Student,159964,524,Medical,119000,60,1,35.0,13.4,North,Rejected,No
LN101404,57,Salaried,202600,679,Vehicle,121000,60,2,71.9,12.8,North,Rejected,No
LN101405,53,Salaried,1061000,728,Education,768000,48,2,28.4,11.11,South,Approved,No
LN101406,57,Salaried,447900,807,Personal,670000,60,2,50.4,11.62,North,Approved,No
LN101407,50,Student,66609,810,Vehicle,86000,72,1,51.6,12.62,North,Approved,No
LN101408,46,Salaried,499700,611,Home,262000,24,2,38.4,11.94,West,Approved,No
LN101409,42,Business Owner,632800,677,Business,829000,72,1,32.4,12.18,West,Rejected,No
LN101410,58,Self-Employed,1862300,598,Home,1387000,12,0,33.1,11.67,Central,Rejected,No
LN101411,54,Business Owner,558000,799,Business,585000,48,3,32.1,10.95,Central,Approved,No
LN101412,37,Student,246156,766,Business,180000,60,0,45.6,12.02,Central,Rejected,No
LN101413,24,Business Owner,664100,723,Home,655000,24,1,21.5,10.47,West,Rejected,No
LN101414,21,Student,124081,711,Personal,166000,24,3,30.1,11.58,South,Rejected,No
LN101415,30,Salaried,675500,790,Business,907000,12,1,28.6,11.42,North,Rejected,No
LN101416,23,Business Owner,1036200,779,Personal,1430000,12,2,11.3,10.97,Central,Rejected,No
LN101417,29,Self-Employed,445800,775,Personal,341000,60,0,42.3,11.92,Central,Approved,No
LN101418,25,Self-Employed,378300,730,Home,482000,24,0,44.8,11.42,East,Rejected,No
LN101419,60,Business Owner,457500,677,Home,231000,72,3,24.4,12.22,East,Approved,No
LN101420,24,Student,159213,750,Personal,145000,72,1,44.4,11.51,North,Approved,No
LN101421,46,Self-Employed,575700,753,Home,628000,36,1,13.0,11.63,North,Approved,No
LN101422,35,Salaried,960700,688,Education,1217000,24,1,32.3,10.51,East,Rejected,No
LN101423,27,Salaried,1332200,677,Vehicle,2199000,48,0,30.5,11.97,North,Rejected,No
LN101424,49,Salaried,380000,774,Home,235000,72,0,33.1,11.53,East,Approved,No
LN101425,59,Salaried,434100,808,Business,667000,36,3,33.0,12.13,West,Approved,No
LN101426,52,Salaried,295000,651,Business,186000,24,2,31.1,12.46,West,Approved,No
LN101427,60,Salaried,1985600,683,Business,2062000,84,2,27.3,12.18,Central,Rejected,No
LN101428,44,Salaried,768600,723,Home,1159000,48,0,30.7,12.07,South,Approved,No
LN101429,47,Business Owner,846300,732,Vehicle,1125000,36,0,48.4,13.06,South,Rejected,No
LN101430,26,Salaried,311000,666,Business,487000,72,2,25.1,11.86,East,Rejected,No
LN101431,55,Business Owner,649600,822,Vehicle,965000,84,1,59.1,10.74,East,Approved,No
LN101432,50,Self-Employed,860100,727,Personal,490000,48,1,24.4,10.5,Central,Rejected,No
LN101433,31,Salaried,565600,735,Personal,1011000,36,0,34.9,12.28,South,Rejected,No
LN101434,35,Salaried,1174500,814,Vehicle,1988000,48,1,38.9,11.44,North,Approved,No
LN101435,45,Salaried,2318000,671,Education,1927000,36,0,28.5,11.99,South,Rejected,No
LN101436,21,Student,83538,694,Personal,25000,48,1,48.6,12.08,East,Rejected,No
LN101437,53,Salaried,370500,619,Home,228000,36,4,38.5,12.96,South,Approved,No
LN101438,32,Salaried,401100,689,Business,610000,60,1,29.5,12.2,South,Approved,No
LN101439,23,Business Owner,1572400,603,Personal,2699000,60,0,48.5,13.55,South,Rejected,No
LN101440,34,Student,178923,749,Home,271000,84,1,19.8,10.55,South,Approved,No
LN101441,54,Salaried,603300,727,Personal,467000,72,2,25.2,10.4,West,Approved,No
LN101442,31,Salaried,663200,682,Vehicle,130000,24,2,38.8,11.7,North,Rejected,No
LN101443,42,Salaried,414800,693,Education,406000,36,2,41.6,11.38,Central,Rejected,No
LN101444,53,Salaried,1060500,749,Medical,785000,60,1,35.9,10.75,West,Approved,No
LN101445,22,Salaried,527400,626,Personal,163000,36,1,30.5,13.68,North,Approved,No
LN101446,51,Self-Employed,563400,713,Personal,158000,12,0,29.0,10.26,North,Approved,No
LN101447,32,Business Owner,908500,745,Business,327000,60,1,45.6,12.33,North,Approved,No
LN101448,48,Self-Employed,586100,584,Personal,264000,36,1,34.9,13.66,North,Rejected,No
LN101449,28,Self-Employed,571200,745,Vehicle,789000,12,0,21.5,12.09,West,Rejected,No
LN101450,26,Salaried,653800,591,Home,490000,60,2,20.8,12.81,Central,Rejected,No
LN101451,52,Business Owner,1006700,692,Home,848000,84,1,50.2,13.47,North,Rejected,No
LN101452,53,Self-Employed,1607700,624,Vehicle,1796000,60,4,23.4,13.67,South,Rejected,No
LN101453,60,Business Owner,896900,793,Vehicle,1554000,24,3,35.3,11.15,Central,Approved,No
LN101454,48,Student,76206,625,Personal,106000,60,0,48.2,13.34,East,Rejected,No
LN101455,39,Salaried,582300,593,Vehicle,697000,84,3,38.5,13.94,South,Rejected,No
LN101456,28,Salaried,440400,709,Personal,601000,12,1,22.9,11.12,East,Rejected,No
LN101457,32,Salaried,931400,673,Business,1232000,60,1,19.8,11.76,North,Approved,No
LN101458,46,Salaried,714200,602,Medical,909000,60,1,54.4,12.93,North,Rejected,No
LN101459,34,Student,246547,734,Vehicle,233000,60,1,19.5,11.76,Central,Rejected,No
LN101460,40,Salaried,542700,571,Medical,577000,24,0,25.4,11.56,West,Rejected,No
LN101461,27,Business Owner,621000,633,Business,549000,84,1,36.5,13.68,South,Rejected,No
LN101462,38,Self-Employed,490900,663,Home,379000,36,0,29.4,12.63,Central,Rejected,No
LN101463,30,Salaried,1468400,752,Vehicle,823000,12,2,38.9,12.19,South,Rejected,No
LN101464,25,Salaried,846300,784,Education,596000,24,2,14.4,9.26,North,Approved,No
LN101465,26,Self-Employed,1383300,772,Personal,1146000,48,1,29.5,10.66,Central,Approved,No
LN101466,41,Self-Employed,751300,690,Personal,815000,12,2,40.1,13.35,West,Approved,No
LN101467,35,Salaried,679800,542,Vehicle,646000,60,2,40.2,13.37,West,Rejected,No
LN101468,24,Salaried,388300,725,Business,110000,72,1,25.1,10.45,North,Approved,No
LN101469,41,Self-Employed,654300,796,Vehicle,444000,12,2,19.7,11.1,South,Approved,No
LN101470,27,Salaried,654700,780,Vehicle,484000,72,0,34.6,11.93,Central,Approved,No
LN101471,21,Business Owner,306500,730,Business,399000,84,0,16.3,11.76,North,Approved,No
LN101472,26,Salaried,483100,623,Medical,322000,12,1,47.4,12.92,Central,Approved,No
LN101473,38,Salaried,544100,666,Business,62000,60,0,33.9,13.14,West,Rejected,No
LN101474,59,Salaried,816000,826,Education,199000,84,2,23.6,10.32,South,Approved,No
LN101475,30,Salaried,837700,608,Home,792000,60,1,19.3,12.82,Central,Rejected,No
LN101476,32,Salaried,472100,625,Education,198000,60,2,24.4,12.53,Central,Rejected,No
LN101477,30,Salaried,841200,761,Vehicle,791000,72,2,13.3,10.98,Central,Approved,No
LN101478,35,Student,83762,672,Education,90000,60,0,37.9,12.13,South,Approved,No
LN101479,49,Salaried,134100,623,Medical,226000,36,0,22.4,12.16,East,Rejected,No
LN101480,33,Salaried,497900,799,Personal,605000,36,1,36.8,11.38,South,Rejected,No
LN101481,47,Salaried,1176600,730,Vehicle,180000,60,1,38.5,11.74,North,Rejected,No
LN101482,56,Salaried,257700,675,Education,193000,36,2,43.6,13.03,Central,Rejected,No
LN101483,58,Self-Employed,691600,626,Vehicle,1002000,36,0,35.0,12.32,Central,Rejected,No
LN101484,43,Salaried,1554400,833,Vehicle,844000,24,1,45.5,12.4,North,Approved,No
LN101485,49,Self-Employed,427800,698,Personal,715000,72,0,48.6,12.05,West,Approved,No
LN101486,57,Salaried,650800,791,Home,650000,60,4,35.1,12.02,Central,Approved,No
LN101487,52,Student,118293,758,Business,30000,36,1,35.8,12.33,East,Approved,No
LN101488,32,Salaried,1590700,666,Home,813000,36,2,25.3,12.25,North,Rejected,No
LN101489,26,Business Owner,620900,667,Education,1019000,24,2,20.1,12.05,North,Approved,No
LN101490,25,Salaried,666900,794,Medical,1191000,24,1,47.4,11.15,East,Approved,No
LN101491,56,Salaried,1369000,795,Home,2145000,60,0,39.3,11.09,Central,Rejected,No
LN101492,43,Business Owner,935200,578,Home,603000,24,2,40.2,13.36,South,Rejected,No
LN101493,32,Self-Employed,401600,736,Personal,565000,84,3,24.9,11.53,South,Approved,No
LN101494,34,Business Owner,455300,692,Vehicle,218000,36,1,51.5,13.4,West,Rejected,No
LN101495,32,Salaried,853400,633,Home,643000,12,0,29.3,12.18,West,Rejected,No
LN101496,53,Self-Employed,461100,717,Home,593000,72,1,22.4,11.37,Central,Rejected,No
LN101497,45,Business Owner,202900,612,Home,354000,36,0,25.1,11.39,West,Rejected,No
LN101498,56,Self-Employed,631200,670,Personal,534000,36,3,50.9,13.19,East,Approved,No
LN101499,33,Salaried,288000,648,Education,272000,24,3,18.7,12.5,Central,Rejected,No
LN101500,39,Self-Employed,1581200,668,Business,750000,60,0,23.0,12.74,East,Rejected,No
LN101501,25,Self-Employed,716400,695,Business,563000,36,2,66.8,13.66,East,Rejected,No
LN101502,59,Student,196740,634,Home,41000,72,0,43.3,13.39,North,Approved,No
LN101503,41,Salaried,442600,802,Vehicle,690000,60,4,23.2,11.57,South,Rejected,No
LN101504,43,Salaried,229900,732,Home,32000,72,2,19.0,11.87,North,Approved,No
LN101505,37,Business Owner,355100,817,Education,448000,60,2,11.9,11.12,Central,Approved,No
LN101506,31,Salaried,1136800,690,Education,642000,60,0,33.2,10.85,North,Approved,No
LN101507,58,Self-Employed,2218200,664,Business,2017000,60,2,40.7,11.76,South,Rejected,No
LN101508,40,Salaried,969200,814,Vehicle,561000,48,2,50.2,10.68,Central,Approved,No
LN101509,47,Salaried,617900,662,Vehicle,482000,60,0,9.3,12.65,West,Approved,No
LN101510,22,Business Owner,512500,688,Personal,528000,60,1,16.1,11.18,West,Approved,No
LN101511,32,Salaried,384100,747,Business,457000,12,2,30.6,11.18,West,Approved,No
LN101512,53,Salaried,2018000,620,Education,3428000,60,3,65.5,13.51,North,Rejected,No
LN101513,24,Self-Employed,585900,746,Education,389000,36,0,42.6,11.05,South,Rejected,No
LN101514,25,Business Owner,2080900,738,Medical,2277000,60,1,36.5,12.1,West,Rejected,No
LN101515,53,Business Owner,1398900,783,Vehicle,2284000,24,2,17.3,9.5,Central,Approved,No
LN101516,33,Salaried,249500,758,Personal,148000,12,0,6.6,10.1,South,Approved,No
LN101517,31,Salaried,450700,784,Personal,708000,12,0,32.5,11.5,South,Approved,No
LN101518,43,Student,211364,693,Personal,365000,24,1,30.8,11.18,South,Rejected,No
LN101519,28,Salaried,622100,644,Education,958000,12,2,28.8,13.3,East,Approved,No
LN101520,22,Salaried,628800,837,Home,672000,24,1,27.4,10.85,South,Rejected,No
LN101521,21,Salaried,3377500,601,Vehicle,4484000,60,0,23.0,13.38,North,Rejected,No
LN101522,24,Self-Employed,359400,607,Personal,330000,48,0,20.3,12.73,South,Rejected,No
LN101523,27,Business Owner,737200,737,Business,822000,84,0,48.7,12.14,East,Rejected,No
LN101524,48,Business Owner,912400,806,Personal,1603000,72,0,21.4,10.21,East,Approved,No
LN101525,32,Self-Employed,649400,712,Medical,342000,24,1,28.7,12.5,South,Rejected,No
LN101526,23,Salaried,690600,765,Medical,1000000,48,0,31.5,11.8,South,Rejected,No
LN101527,21,Salaried,365900,570,Personal,351000,48,0,40.5,14.74,South,Rejected,No
LN101528,40,Salaried,689200,668,Home,276000,36,0,21.8,12.61,East,Rejected,No
LN101529,54,Salaried,861100,578,Vehicle,1028000,48,0,43.7,13.02,South,Rejected,No
LN101530,34,Salaried,778300,751,Personal,1126000,60,0,25.0,11.64,Central,Rejected,No
LN101531,23,Salaried,889400,599,Personal,949000,60,0,30.1,13.08,South,Approved,No
LN101532,30,Salaried,1413600,617,Home,2154000,36,2,51.7,14.0,West,Rejected,No
LN101533,40,Self-Employed,1088200,733,Personal,786000,60,1,20.4,12.4,South,Approved,No
LN101534,28,Self-Employed,676000,769,Vehicle,1118000,36,1,40.7,11.58,East,Rejected,No
LN101535,60,Salaried,341200,690,Vehicle,410000,72,3,44.1,11.56,West,Rejected,No
LN101536,51,Salaried,467300,737,Business,685000,84,1,35.7,10.52,North,Approved,No
LN101537,34,Business Owner,576000,735,Vehicle,325000,36,1,30.6,10.91,South,Rejected,No
LN101538,59,Business Owner,746800,686,Personal,641000,60,1,57.5,12.36,North,Rejected,No
LN101539,34,Business Owner,499600,629,Personal,823000,72,1,31.8,13.64,East,Approved,No
LN101540,26,Salaried,388500,737,Personal,72000,48,1,34.4,12.85,Central,Rejected,No
LN101541,58,Business Owner,338100,740,Education,266000,24,1,28.0,12.28,East,Approved,No
LN101542,59,Salaried,262100,758,Personal,374000,60,0,33.8,12.47,West,Approved,No
LN101543,33,Salaried,571200,720,Vehicle,779000,48,2,43.6,11.66,South,Rejected,No
LN101544,44,Salaried,289600,624,Personal,448000,36,1,28.7,11.49,East,Rejected,No
LN101545,27,Salaried,374900,745,Home,509000,60,1,6.7,10.33,West,Approved,No
LN101546,46,Salaried,523400,700,Medical,895000,48,1,38.2,10.76,North,Approved,No
LN101547,48,Salaried,311800,669,Business,295000,24,0,19.1,11.17,North,Approved,No
LN101548,49,Business Owner,801000,681,Vehicle,930000,84,1,40.9,12.05,South,Rejected,No
LN101549,43,Salaried,976600,655,Education,1505000,36,0,32.0,12.5,South,Approved,No
LN101550,49,Salaried,480500,758,Vehicle,621000,60,2,43.3,11.94,Central,Approved,No
LN101551,43,Salaried,511100,608,Personal,140000,60,1,20.6,11.99,North,Rejected,No
LN101552,53,Salaried,873500,635,Personal,632000,24,2,25.6,12.78,North,Rejected,No
LN101553,28,Salaried,438900,679,Personal,456000,60,1,27.9,11.62,North,Approved,No
LN101554,40,Salaried,422600,805,Business,584000,60,1,14.2,10.75,North,Approved,No
LN101555,37,Salaried,1255200,769,Vehicle,1285000,48,0,45.3,11.03,South,Rejected,No
LN101556,42,Business Owner,1057100,593,Personal,1503000,60,1,12.5,13.16,North,Approved,No
LN101557,26,Business Owner,904900,788,Vehicle,1379000,84,0,45.2,11.67,North,Rejected,No
LN101558,33,Salaried,1081500,788,Personal,596000,84,1,37.1,11.92,North,Approved,No
LN101559,59,Self-Employed,219100,624,Vehicle,251000,24,2,29.6,11.72,West,Approved,No
LN101560,25,Business Owner,1368700,536,Business,1433000,36,1,36.1,13.56,East,Approved,No
LN101561,46,Student,177371,695,Home,86000,60,0,35.8,12.56,West,Approved,No
LN101562,47,Self-Employed,1133300,773,Education,1057000,84,4,27.2,9.89,North,Rejected,No
LN101563,39,Business Owner,804300,803,Education,830000,72,1,35.6,12.11,South,Approved,No
LN101564,22,Business Owner,667700,643,Medical,995000,36,2,40.8,11.83,Central,Rejected,No
LN101565,22,Business Owner,558700,814,Personal,494000,72,4,20.7,10.98,North,Approved,No
LN101566,32,Salaried,795400,555,Vehicle,189000,36,1,36.2,14.54,South,Rejected,No
LN101567,25,Salaried,547600,676,Vehicle,508000,36,1,5.0,12.21,South,Rejected,No
LN101568,24,Salaried,1047600,673,Vehicle,1597000,60,0,8.8,10.62,North,Rejected,No
LN101569,27,Salaried,271600,775,Business,291000,36,3,38.8,11.47,East,Approved,No
LN101570,28,Salaried,482600,784,Medical,310000,60,0,27.0,12.09,East,Approved,No
LN101571,54,Salaried,2001400,762,Business,3334000,48,1,21.8,10.7,South,Rejected,No
LN101572,46,Self-Employed,460600,612,Business,168000,60,1,31.4,12.46,East,Rejected,No
LN101573,22,Self-Employed,570000,756,Home,374000,84,2,27.2,11.19,South,Approved,No
LN101574,46,Business Owner,400000,733,Education,337000,36,1,20.1,11.86,East,Approved,No
LN101575,26,Salaried,781900,591,Personal,1059000,60,2,12.3,11.33,Central,Rejected,No
LN101576,37,Salaried,433600,566,Personal,659000,60,1,8.4,12.95,West,Rejected,No
LN101577,22,Business Owner,586900,767,Education,117000,24,0,40.9,11.28,South,Rejected,No
LN101578,24,Business Owner,1036800,688,Personal,1500000,60,2,26.9,11.99,South,Rejected,No
LN101579,26,Student,128180,616,Home,170000,60,2,43.6,12.83,West,Rejected,No
LN101580,38,Business Owner,1003000,686,Education,1626000,24,0,26.8,12.43,South,Rejected,No
LN101581,39,Business Owner,1021700,724,Education,1666000,72,1,36.3,11.93,Central,Approved,No
LN101582,35,Salaried,1161200,695,Business,1651000,48,4,30.5,13.04,West,Rejected,No
LN101583,45,Salaried,702200,599,Personal,297000,24,1,32.5,13.54,South,Rejected,No
LN101584,49,Salaried,3864800,823,Personal,2449000,24,1,33.1,10.51,West,Approved,No
LN101585,50,Self-Employed,1160900,765,Business,1964000,60,1,26.7,12.33,North,Approved,No
LN101586,44,Business Owner,777200,678,Business,868000,84,0,17.2,12.05,North,Approved,No
LN101587,42,Salaried,401500,681,Vehicle,408000,36,1,41.2,12.53,Central,Approved,No
LN101588,40,Self-Employed,616200,723,Business,1021000,12,1,51.1,12.91,West,Approved,No
LN101589,30,Salaried,1424300,627,Education,2259000,24,4,51.9,12.38,East,Rejected,No
LN101590,40,Salaried,1664400,721,Personal,2225000,60,1,25.4,10.73,Central,Rejected,No
LN101591,21,Salaried,1465600,614,Home,2345000,36,3,23.2,12.51,North,Approved,Yes
LN101592,59,Salaried,1001100,695,Vehicle,294000,48,0,25.3,11.47,West,Approved,No
LN101593,35,Student,193663,624,Personal,269000,36,3,29.9,14.03,Central,Rejected,No
LN101594,51,Salaried,849700,627,Home,1480000,48,2,31.4,12.06,West,Rejected,No
LN101595,59,Business Owner,328400,807,Vehicle,60000,60,1,20.0,10.9,South,Approved,No
LN101596,40,Self-Employed,286800,704,Personal,137000,60,2,14.2,11.68,South,Rejected,No
LN101597,55,Salaried,741400,713,Personal,1075000,24,0,32.6,12.8,Central,Approved,No
LN101598,40,Salaried,866700,569,Home,853000,48,2,5.0,11.7,South,Rejected,No
LN101599,26,Business Owner,1068300,661,Home,264000,48,2,30.8,11.18,Central,Rejected,No
LN101600,22,Salaried,854400,730,Vehicle,475000,60,2,20.7,12.48,South,Approved,No
LN101601,26,Business Owner,870700,713,Business,567000,24,3,41.4,12.21,North,Rejected,No
LN101602,58,Salaried,378200,560,Business,244000,24,2,44.6,14.03,South,Rejected,No
LN101603,40,Self-Employed,613500,713,Education,977000,60,2,44.9,12.84,East,Approved,No
LN101604,33,Business Owner,283700,724,Personal,348000,36,1,27.8,12.45,North,Approved,No
LN101605,38,Salaried,216000,783,Personal,291000,60,2,18.4,10.76,South,Approved,No
LN101606,31,Salaried,976800,657,Medical,120000,36,2,22.2,11.67,Central,Rejected,No
LN101607,55,Student,115763,554,Home,96000,36,1,35.5,11.88,North,Rejected,No
LN101608,60,Salaried,1050300,635,Personal,673000,60,0,12.2,11.35,East,Approved,No
LN101609,24,Salaried,1195800,629,Personal,1851000,36,1,48.7,13.05,South,Rejected,No
LN101610,49,Salaried,462400,748,Education,796000,24,2,28.0,11.05,West,Approved,No
LN101611,34,Salaried,899300,523,Home,737000,72,1,38.0,12.79,East,Rejected,No
LN101612,22,Business Owner,451800,671,Home,793000,48,0,10.6,11.76,Central,Rejected,No
LN101613,57,Business Owner,235500,793,Vehicle,29000,84,1,20.9,11.94,South,Approved,No
LN101614,23,Salaried,695600,700,Personal,455000,24,2,9.1,11.41,East,Rejected,No
LN101615,29,Business Owner,501700,758,Personal,711000,72,1,44.3,11.08,North,Rejected,No
LN101616,22,Salaried,510300,593,Home,363000,72,1,30.1,13.72,East,Rejected,No
LN101617,39,Salaried,1926400,596,Business,3209000,24,0,38.9,12.49,North,Rejected,No
LN101618,44,Self-Employed,280800,793,Vehicle,132000,60,0,32.8,12.34,East,Rejected,No
LN101619,33,Student,245236,707,Medical,356000,60,2,37.6,11.92,South,Approved,No
LN101620,23,Salaried,376100,707,Home,167000,48,2,28.0,11.94,West,Approved,No
LN101621,25,Salaried,1071200,627,Business,466000,36,0,29.6,13.64,South,Rejected,No
LN101622,58,Salaried,765900,707,Medical,657000,84,1,30.9,11.0,East,Rejected,No
LN101623,53,Business Owner,800800,626,Business,1366000,60,2,36.9,12.0,North,Rejected,No
LN101624,58,Salaried,386600,777,Business,423000,84,1,37.2,11.31,West,Approved,No
LN101625,42,Salaried,426600,850,Vehicle,503000,72,2,65.7,11.57,Central,Rejected,No
LN101626,42,Business Owner,1082400,731,Personal,126000,72,1,52.2,14.13,South,Rejected,No
LN101627,52,Salaried,1721400,659,Personal,338000,60,4,10.7,11.2,North,Approved,No
LN101628,45,Salaried,846500,535,Vehicle,181000,60,2,30.3,12.39,East,Rejected,No
LN101629,38,Salaried,396800,591,Medical,593000,72,3,27.1,12.12,North,Rejected,No
LN101630,32,Salaried,783200,801,Education,394000,60,0,47.4,11.76,East,Rejected,No
LN101631,40,Salaried,2470300,633,Vehicle,1628000,12,1,28.2,12.81,North,Approved,No
LN101632,23,Business Owner,687700,676,Medical,782000,60,0,37.6,11.86,South,Rejected,No
LN101633,28,Self-Employed,1452400,743,Education,1587000,24,1,5.0,11.02,Central,Approved,No
LN101634,50,Self-Employed,432600,796,Home,345000,84,2,13.8,12.16,North,Approved,No
LN101635,55,Student,247049,687,Education,27000,60,0,57.1,12.78,East,Approved,No
LN101636,25,Salaried,913900,674,Business,790000,60,0,32.6,12.47,South,Rejected,No
LN101637,24,Salaried,808800,705,Business,1097000,24,1,20.0,13.01,South,Approved,No
LN101638,24,Business Owner,426400,659,Home,213000,60,2,34.9,11.94,West,Rejected,No
LN101639,52,Salaried,416400,663,Personal,543000,36,1,19.4,11.47,West,Rejected,No
LN101640,33,Self-Employed,1119400,727,Personal,141000,60,0,28.6,11.4,Central,Approved,No
LN101641,34,Business Owner,1251800,712,Personal,2057000,60,1,14.6,11.12,South,Approved,No
LN101642,21,Salaried,1493200,839,Personal,2561000,48,0,22.5,9.4,North,Approved,No
LN101643,59,Salaried,1753100,729,Medical,183000,36,1,27.0,11.76,South,Approved,No
LN101644,38,Salaried,700000,775,Vehicle,615000,60,3,45.4,11.91,East,Rejected,No
LN101645,52,Salaried,547700,630,Education,440000,48,1,37.6,12.59,West,Approved,No
LN101646,49,Salaried,1366500,734,Personal,2092000,72,2,39.7,12.12,West,Rejected,No
LN101647,26,Salaried,962100,653,Vehicle,981000,72,2,31.7,12.57,Central,Rejected,No
LN101648,53,Business Owner,378700,726,Vehicle,431000,60,0,41.9,11.14,North,Rejected,No
LN101649,43,Business Owner,368100,745,Home,164000,36,1,21.5,11.6,Central,Approved,No
LN101650,45,Business Owner,852000,703,Home,197000,12,4,23.2,12.17,Central,Rejected,No
LN101651,29,Salaried,589600,850,Medical,753000,84,1,36.9,9.83,North,Approved,No
LN101652,54,Salaried,640600,793,Home,740000,84,0,28.7,12.22,South,Rejected,No
LN101653,58,Salaried,1172500,777,Personal,1776000,24,1,31.8,10.54,West,Approved,No
LN101654,37,Salaried,986800,750,Business,1516000,60,0,30.0,10.78,East,Approved,No
LN101655,24,Student,136142,815,Home,160000,48,3,47.0,11.62,North,Rejected,No
LN101656,54,Salaried,224700,607,Education,228000,24,1,47.7,13.54,South,Rejected,No
LN101657,56,Salaried,747200,789,Vehicle,1236000,84,0,24.5,11.67,East,Approved,No
LN101658,41,Business Owner,952500,636,Personal,1393000,84,2,10.9,12.4,Central,Approved,No
LN101659,44,Salaried,280700,663,Vehicle,449000,84,0,23.5,11.74,West,Rejected,No
LN101660,29,Salaried,453400,736,Personal,813000,24,1,21.2,11.54,Central,Approved,No
LN101661,23,Salaried,409400,780,Education,322000,48,0,42.0,11.41,East,Approved,No
LN101662,58,Self-Employed,657800,625,Home,867000,72,0,43.0,13.02,West,Rejected,No
LN101663,40,Business Owner,1591300,667,Home,2020000,60,1,19.6,12.03,North,Approved,No
LN101664,31,Salaried,1977100,706,Vehicle,783000,48,3,22.9,11.4,East,Approved,No
LN101665,48,Business Owner,415300,688,Vehicle,491000,60,1,14.3,11.44,Central,Approved,No
LN101666,22,Business Owner,868300,756,Medical,719000,12,1,33.6,10.32,West,Approved,No
LN101667,24,Business Owner,883900,850,Home,766000,60,1,31.5,11.39,West,Approved,No
LN101668,30,Salaried,804500,727,Personal,327000,72,1,41.5,12.25,North,Approved,No
LN101669,39,Salaried,809500,652,Personal,1106000,12,2,38.0,10.94,North,Approved,No
LN101670,35,Business Owner,768200,616,Personal,988000,24,1,39.3,13.43,West,Rejected,No
LN101671,28,Salaried,1644400,679,Personal,1652000,60,1,13.5,11.69,South,Rejected,No
LN101672,35,Self-Employed,1191900,639,Home,437000,60,2,24.5,11.67,South,Rejected,No
LN101673,34,Business Owner,362800,730,Personal,380000,36,3,43.4,11.35,Central,Approved,No
LN101674,41,Salaried,1006900,729,Vehicle,272000,12,1,25.5,11.15,North,Rejected,No
LN101675,43,Business Owner,1061900,670,Business,719000,60,1,12.5,11.13,South,Approved,No
LN101676,56,Business Owner,772900,829,Home,567000,36,2,41.7,10.68,South,Rejected,No
LN101677,53,Self-Employed,1211100,652,Personal,1940000,60,0,25.1,13.43,North,Approved,No
LN101678,32,Salaried,720800,692,Personal,581000,60,0,44.8,12.67,North,Approved,No
LN101679,57,Business Owner,725800,742,Personal,811000,48,3,31.8,13.11,North,Approved,No
LN101680,41,Self-Employed,694800,758,Home,1103000,60,0,28.7,11.64,East,Approved,No
LN101681,28,Business Owner,214200,783,Personal,176000,60,2,48.4,12.18,South,Approved,No
LN101682,34,Business Owner,621900,728,Personal,996000,60,1,16.4,10.79,East,Rejected,No
LN101683,50,Business Owner,450100,768,Vehicle,149000,60,0,49.2,11.79,Central,Approved,No
LN101684,53,Salaried,338500,657,Vehicle,244000,48,0,24.3,12.12,East,Approved,No
LN101685,35,Salaried,1430400,760,Home,373000,48,2,33.9,12.03,East,Approved,No
LN101686,27,Salaried,857700,759,Education,904000,48,2,34.1,11.57,West,Rejected,No
LN101687,28,Salaried,639400,798,Business,1104000,48,0,26.9,11.36,East,Rejected,No
LN101688,25,Salaried,476400,592,Vehicle,580000,48,0,22.9,12.88,South,Approved,Yes
LN101689,48,Self-Employed,765000,641,Personal,891000,36,0,27.6,12.17,Central,Rejected,No
LN101690,41,Salaried,1121300,754,Personal,642000,60,2,19.8,11.0,South,Approved,No
LN101691,39,Business Owner,412500,528,Personal,694000,24,1,55.5,13.52,East,Rejected,No
LN101692,47,Business Owner,648300,732,Personal,585000,84,0,26.2,12.38,East,Approved,Yes
LN101693,54,Salaried,1047800,769,Personal,580000,60,0,45.9,11.61,West,Approved,No
LN101694,52,Self-Employed,224100,663,Personal,399000,12,0,44.3,12.86,East,Approved,No
LN101695,26,Self-Employed,629700,672,Home,516000,60,0,36.4,12.25,South,Rejected,No
LN101696,44,Self-Employed,513300,630,Business,376000,36,0,30.4,13.29,East,Rejected,No
LN101697,56,Salaried,603900,666,Medical,96000,84,1,34.3,10.96,West,Approved,No
LN101698,51,Business Owner,493300,668,Vehicle,199000,84,1,38.9,12.67,South,Approved,No
LN101699,34,Student,71525,656,Medical,106000,72,1,33.2,11.53,Central,Rejected,No
LN101700,36,Self-Employed,1872400,652,Medical,1724000,60,1,13.2,12.21,Central,Approved,No
LN101701,56,Business Owner,543900,682,Vehicle,937000,84,1,10.2,11.52,North,Approved,No
LN101702,22,Student,196407,682,Personal,48000,60,1,50.1,11.59,South,Rejected,No
LN101703,42,Salaried,1947100,822,Personal,2234000,72,3,5.0,10.61,Central,Approved,No
LN101704,25,Self-Employed,480300,674,Education,636000,24,1,34.3,12.45,South,Rejected,No
LN101705,56,Salaried,1763500,722,Home,2039000,84,2,29.2,11.62,South,Rejected,No
LN101706,22,Student,161564,663,Vehicle,162000,60,1,33.9,12.3,North,Rejected,No
LN101707,21,Salaried,1732000,662,Business,1876000,36,0,18.3,12.1,North,Approved,No
LN101708,34,Salaried,982000,589,Vehicle,1249000,84,1,36.2,13.84,East,Rejected,No
LN101709,29,Business Owner,769600,598,Business,1206000,60,1,34.5,12.68,West,Approved,No
LN101710,40,Salaried,627000,622,Personal,421000,84,1,65.1,14.19,West,Rejected,No
LN101711,32,Business Owner,461200,712,Personal,407000,12,0,33.6,11.94,North,Approved,No
LN101712,35,Salaried,677700,770,Education,800000,60,1,48.2,12.78,East,Rejected,No
LN101713,43,Student,91097,584,Vehicle,58000,60,1,14.0,12.34,South,Rejected,No
LN101714,43,Business Owner,645300,664,Home,261000,12,1,44.2,12.15,West,Approved,No
LN101715,58,Salaried,546100,611,Education,952000,60,0,34.7,12.04,South,Rejected,No
LN101716,40,Business Owner,566300,683,Home,244000,60,2,35.2,12.22,Central,Rejected,No
LN101717,43,Salaried,1122000,770,Home,556000,36,2,35.4,10.99,West,Rejected,No
LN101718,48,Self-Employed,1275100,671,Education,1469000,60,0,52.5,13.75,West,Rejected,No
LN101719,27,Self-Employed,450400,697,Personal,104000,24,2,35.1,11.52,East,Approved,No
LN101720,47,Business Owner,450000,795,Vehicle,71000,72,2,22.6,10.55,East,Approved,No
LN101721,55,Salaried,800800,730,Education,167000,72,1,24.6,12.01,South,Approved,No
LN101722,33,Salaried,1505900,651,Business,466000,48,2,41.8,13.49,West,Rejected,No
LN101723,28,Self-Employed,1220800,710,Personal,1013000,60,2,37.4,12.59,Central,Rejected,No
LN101724,34,Self-Employed,326500,646,Medical,493000,48,0,13.6,12.74,Central,Approved,No
LN101725,32,Salaried,562100,727,Personal,383000,36,0,38.2,11.91,East,Rejected,No
LN101726,44,Salaried,389600,733,Home,322000,72,2,19.0,11.39,West,Approved,No
LN101727,55,Salaried,561100,611,Medical,629000,36,0,37.3,14.28,South,Rejected,No
LN101728,44,Business Owner,1570900,711,Business,964000,48,1,22.3,12.88,North,Approved,No
LN101729,26,Salaried,297200,692,Personal,248000,36,0,28.6,12.5,West,Approved,No
LN101730,33,Salaried,266800,735,Personal,202000,60,1,25.5,12.36,Central,Approved,No
LN101731,48,Student,219646,754,Vehicle,150000,72,2,50.2,12.65,Central,Approved,No
LN101732,34,Salaried,761300,731,Vehicle,579000,24,1,36.8,11.05,Central,Approved,No
LN101733,44,Business Owner,914500,680,Business,109000,36,1,47.1,12.53,South,Approved,No
LN101734,48,Salaried,826800,761,Personal,1328000,24,3,66.7,13.45,West,Approved,Yes
LN101735,34,Business Owner,1240900,643,Home,2186000,24,2,32.6,13.0,East,Approved,No
LN101736,46,Business Owner,246500,614,Home,386000,48,1,50.0,13.12,East,Rejected,No
LN101737,36,Business Owner,1249600,492,Home,137000,60,2,23.6,14.54,North,Rejected,No
LN101738,26,Salaried,547500,695,Education,754000,60,1,47.1,12.7,East,Approved,No
LN101739,35,Self-Employed,971900,647,Vehicle,1044000,12,2,22.3,12.74,South,Rejected,No
LN101740,38,Business Owner,313900,726,Business,82000,60,2,31.8,12.07,West,Approved,No
LN101741,21,Salaried,651800,572,Education,1099000,60,1,38.4,13.59,Central,Approved,No
LN101742,56,Salaried,740200,658,Education,1051000,36,5,40.3,13.0,West,Rejected,No
LN101743,42,Salaried,1227400,731,Education,426000,36,1,16.7,12.3,South,Approved,No
LN101744,22,Student,121736,633,Personal,212000,60,1,21.6,13.3,East,Rejected,No
LN101745,55,Self-Employed,661100,727,Personal,208000,12,3,39.3,11.68,East,Approved,No
LN101746,55,Self-Employed,357800,664,Personal,312000,72,2,27.6,12.45,West,Rejected,No
LN101747,21,Business Owner,858300,698,Medical,318000,72,0,15.2,12.51,North,Approved,No
LN101748,27,Self-Employed,996700,739,Medical,354000,72,0,31.1,11.6,East,Approved,No
LN101749,35,Salaried,1319400,762,Business,2303000,24,2,30.6,10.58,Central,Approved,Yes
LN101750,41,Salaried,484300,706,Business,519000,24,0,34.1,11.39,North,Approved,Yes
LN101751,50,Self-Employed,1082400,647,Vehicle,585000,72,0,38.4,12.02,West,Rejected,No
LN101752,37,Salaried,1374000,670,Personal,1951000,48,2,37.6,12.08,Central,Approved,No
LN101753,45,Business Owner,263300,741,Vehicle,418000,36,0,22.8,10.94,West,Approved,No
LN101754,21,Business Owner,910300,634,Business,1511000,60,0,27.1,13.15,Central,Rejected,No
LN101755,47,Salaried,1101200,688,Home,1857000,12,3,43.1,12.2,West,Rejected,No
LN101756,57,Self-Employed,563800,675,Education,924000,60,1,25.5,12.95,East,Rejected,No
LN101757,42,Salaried,334000,693,Home,396000,84,0,27.3,11.17,East,Rejected,No
LN101758,39,Student,211235,634,Personal,144000,60,2,13.9,11.85,North,Approved,No
LN101759,32,Business Owner,336000,580,Personal,562000,48,2,31.7,13.05,North,Rejected,No
LN101760,59,Business Owner,589300,734,Home,182000,84,1,36.1,12.42,East,Approved,No
LN101761,22,Salaried,635800,763,Personal,246000,60,1,8.3,11.73,South,Approved,No
LN101762,32,Salaried,963400,584,Vehicle,807000,12,2,19.2,12.26,South,Rejected,No
LN101763,26,Salaried,460500,724,Business,268000,60,1,14.9,12.1,West,Rejected,No
LN101764,55,Salaried,446100,770,Home,512000,12,0,41.5,10.53,North,Rejected,No
LN101765,40,Salaried,686300,739,Home,1125000,36,1,9.1,11.75,South,Approved,No
LN101766,57,Salaried,1130600,673,Personal,1057000,60,3,31.1,11.28,West,Rejected,No
LN101767,47,Student,208837,639,Personal,218000,36,0,40.6,13.04,North,Rejected,No
LN101768,43,Salaried,283700,705,Business,232000,12,1,34.3,12.83,East,Rejected,No
LN101769,41,Salaried,773100,716,Personal,1007000,60,0,26.7,12.39,North,Approved,No
LN101770,29,Business Owner,357600,706,Medical,97000,36,1,36.2,10.93,West,Approved,No
LN101771,43,Self-Employed,1138300,688,Education,208000,60,0,44.4,12.12,East,Approved,No
LN101772,48,Business Owner,387900,630,Vehicle,462000,36,0,30.7,13.05,East,Rejected,No
LN101773,59,Self-Employed,448500,727,Medical,453000,60,1,5.1,11.62,South,Approved,No
LN101774,42,Business Owner,470100,731,Home,373000,72,1,45.8,12.32,West,Approved,No
LN101775,58,Self-Employed,623300,713,Business,416000,24,1,36.8,10.5,South,Approved,Yes
LN101776,58,Self-Employed,776400,707,Home,146000,60,0,31.6,12.8,East,Approved,No
LN101777,41,Self-Employed,848100,809,Vehicle,1066000,24,0,8.2,11.52,North,Approved,No
LN101778,38,Salaried,647900,659,Home,529000,36,2,28.4,12.38,North,Rejected,No
LN101779,26,Salaried,312800,783,Personal,268000,36,3,21.5,11.26,North,Approved,No
LN101780,31,Salaried,970000,652,Business,1570000,36,2,17.4,12.4,North,Approved,No
LN101781,56,Salaried,631300,772,Home,855000,12,2,30.4,12.43,North,Approved,No
LN101782,26,Business Owner,1231400,780,Home,583000,60,3,25.6,11.4,North,Approved,No
LN101783,36,Salaried,440400,681,Vehicle,536000,60,1,26.4,11.9,Central,Rejected,No
LN101784,48,Salaried,269300,808,Education,87000,84,1,40.9,11.65,East,Approved,No
LN101785,30,Salaried,637900,730,Vehicle,274000,84,2,35.1,11.85,East,Rejected,No
LN101786,59,Business Owner,1325800,643,Medical,1742000,48,2,26.1,12.33,South,Rejected,No
LN101787,46,Salaried,710200,676,Home,223000,24,0,24.5,10.79,North,Approved,No
LN101788,22,Self-Employed,582400,774,Vehicle,336000,12,1,26.5,11.66,Central,Approved,Yes
LN101789,30,Business Owner,402700,760,Vehicle,655000,60,1,29.0,12.29,North,Approved,No
LN101790,50,Salaried,1709100,631,Education,2316000,72,0,39.0,13.47,West,Rejected,No
LN101791,55,Business Owner,369000,691,Education,620000,36,1,19.5,12.45,West,Approved,No
LN101792,58,Salaried,436200,713,Personal,698000,24,1,49.5,12.32,South,Rejected,No
LN101793,55,Salaried,889400,667,Personal,562000,48,3,39.0,12.57,West,Approved,Yes
LN101794,23,Self-Employed,234200,850,Business,275000,72,2,5.0,10.98,West,Approved,No
LN101795,50,Business Owner,1310300,715,Vehicle,975000,48,0,33.0,12.54,Central,Approved,No
LN101796,25,Salaried,916200,696,Personal,1177000,60,0,44.5,13.41,East,Approved,No
LN101797,24,Self-Employed,1065900,777,Business,738000,48,1,36.7,11.06,North,Approved,No
LN101798,48,Salaried,883500,676,Business,90000,36,5,27.1,11.62,East,Rejected,No
LN101799,40,Self-Employed,594900,765,Medical,154000,48,0,31.3,11.25,North,Approved,No
LN101800,46,Self-Employed,362200,592,Education,511000,60,1,34.1,12.28,South,Rejected,No
LN101801,55,Self-Employed,601800,671,Medical,146000,60,1,41.2,11.56,East,Approved,No
LN101802,23,Self-Employed,380200,768,Business,425000,48,0,15.0,11.38,South,Approved,No
LN101803,42,Salaried,849300,802,Business,1323000,36,3,24.7,11.31,Central,Approved,No
LN101804,54,Self-Employed,1013000,650,Personal,1378000,24,1,51.7,13.09,Central,Rejected,No
LN101805,38,Self-Employed,1464400,642,Medical,1176000,12,1,32.4,12.75,North,Rejected,No
LN101806,41,Self-Employed,797500,737,Vehicle,363000,24,1,50.3,11.16,North,Rejected,No
LN101807,40,Salaried,1080800,660,Personal,1803000,24,1,67.8,12.9,East,Rejected,No
LN101808,57,Salaried,552000,683,Personal,587000,60,1,26.1,11.81,North,Approved,No
LN101809,22,Salaried,499700,757,Personal,394000,72,2,17.6,11.24,North,Approved,No
LN101810,56,Salaried,843400,665,Business,1435000,60,0,28.8,11.2,Central,Rejected,No
LN101811,53,Salaried,525500,572,Home,245000,60,2,45.2,12.73,North,Approved,No
LN101812,53,Salaried,753700,615,Vehicle,642000,84,1,46.9,12.77,South,Approved,No
LN101813,37,Business Owner,362600,701,Vehicle,103000,84,1,59.3,13.44,South,Approved,No
LN101814,41,Salaried,400200,579,Personal,125000,36,3,31.6,13.17,North,Rejected,No
LN101815,35,Business Owner,921900,681,Personal,717000,24,0,37.9,13.04,West,Approved,No
LN101816,31,Self-Employed,1058500,610,Business,1365000,24,1,23.5,12.45,West,Rejected,No
LN101817,56,Business Owner,378000,807,Business,256000,72,2,5.0,10.49,South,Rejected,No
LN101818,41,Salaried,939900,841,Personal,1196000,24,1,31.5,11.23,North,Rejected,No
LN101819,49,Salaried,484900,631,Home,712000,36,1,18.2,12.11,Central,Approved,No
LN101820,25,Self-Employed,655900,717,Personal,1044000,60,0,39.7,11.64,West,Rejected,No
LN101821,52,Business Owner,1417000,638,Business,249000,60,1,9.4,10.91,East,Rejected,No
LN101822,47,Salaried,1013400,680,Personal,1434000,60,4,23.1,11.54,South,Rejected,No
LN101823,60,Self-Employed,1007000,817,Business,353000,60,0,35.2,11.75,East,Approved,No
LN101824,26,Self-Employed,1857200,670,Medical,2390000,60,1,36.5,13.26,South,Rejected,No
LN101825,42,Self-Employed,441400,681,Vehicle,323000,72,2,31.4,11.62,South,Rejected,No
LN101826,41,Salaried,377900,639,Personal,492000,24,5,54.4,11.86,West,Rejected,No
LN101827,42,Salaried,436900,775,Personal,203000,72,1,50.8,12.54,South,Rejected,No
LN101828,23,Salaried,565100,488,Vehicle,676000,60,4,23.8,13.56,West,Rejected,No
LN101829,39,Business Owner,178000,671,Education,56000,36,1,51.3,11.8,West,Rejected,No
LN101830,32,Salaried,579900,697,Education,225000,84,1,53.1,10.4,West,Approved,No
LN101831,45,Salaried,481800,657,Home,551000,84,1,30.5,11.66,East,Rejected,No
LN101832,30,Student,102192,756,Personal,69000,72,0,32.5,11.27,North,Rejected,No
LN101833,38,Salaried,789000,778,Home,1023000,84,0,31.4,10.58,West,Approved,No
LN101834,45,Salaried,467100,608,Vehicle,591000,36,1,24.3,13.05,West,Rejected,No
LN101835,23,Salaried,899200,836,Personal,1040000,36,0,25.5,10.21,North,Approved,No
LN101836,52,Salaried,967500,607,Vehicle,1298000,24,0,47.8,13.17,Central,Rejected,No
LN101837,49,Salaried,425900,784,Business,617000,72,0,37.2,13.14,Central,Rejected,No
LN101838,23,Salaried,495600,710,Vehicle,817000,72,0,25.3,11.86,West,Rejected,No
LN101839,23,Business Owner,191100,667,Home,45000,84,2,20.9,11.93,North,Approved,No
LN101840,55,Self-Employed,356800,673,Medical,382000,72,1,22.9,11.95,West,Rejected,No
LN101841,32,Salaried,432100,698,Business,593000,60,2,30.0,12.46,South,Approved,No
LN101842,55,Self-Employed,677100,714,Personal,317000,24,0,43.0,12.57,South,Rejected,No
LN101843,40,Salaried,386500,640,Business,212000,24,1,21.7,11.55,North,Approved,No
LN101844,34,Student,178934,685,Home,99000,48,0,42.8,12.13,West,Rejected,No
LN101845,31,Salaried,331300,650,Business,355000,60,2,34.4,12.02,East,Rejected,No
LN101846,47,Self-Employed,714100,621,Education,516000,24,1,33.7,12.5,South,Rejected,No
LN101847,25,Salaried,821500,647,Vehicle,1012000,84,0,44.3,14.04,South,Rejected,No
LN101848,37,Self-Employed,811000,625,Home,922000,60,2,42.1,13.31,South,Rejected,No
LN101849,34,Salaried,654400,673,Business,796000,36,3,15.1,11.76,South,Rejected,No
LN101850,27,Business Owner,278500,728,Education,147000,72,1,19.0,12.35,East,Rejected,No
LN101851,35,Salaried,462200,708,Education,649000,60,0,29.2,12.02,North,Approved,No
LN101852,42,Business Owner,519500,828,Home,638000,60,1,36.3,9.96,South,Rejected,No
LN101853,48,Salaried,520700,556,Personal,168000,36,2,48.4,14.75,North,Rejected,No
LN101854,24,Business Owner,677400,731,Education,298000,36,0,32.8,11.69,West,Rejected,No
LN101855,55,Business Owner,1423700,700,Personal,871000,12,3,52.4,10.96,East,Approved,No
LN101856,56,Student,215812,753,Vehicle,365000,60,0,23.5,10.27,West,Approved,No
LN101857,48,Salaried,377600,747,Business,247000,60,1,25.5,12.28,South,Approved,No
LN101858,57,Salaried,944000,689,Education,126000,84,0,28.3,10.91,North,Rejected,No
LN101859,38,Salaried,924400,711,Medical,315000,72,2,22.2,12.64,South,Approved,No
LN101860,53,Salaried,417200,652,Vehicle,65000,24,1,45.9,12.81,South,Rejected,No
LN101861,50,Self-Employed,1036800,740,Home,814000,84,1,5.0,11.53,South,Approved,No
LN101862,43,Student,227028,578,Education,330000,24,1,26.0,12.67,West,Rejected,No
LN101863,28,Student,61476,750,Home,53000,12,1,45.8,12.34,North,Approved,No
LN101864,43,Self-Employed,834900,698,Vehicle,1274000,60,1,28.3,12.17,South,Rejected,No
LN101865,57,Self-Employed,732400,668,Education,132000,84,2,44.9,12.58,North,Rejected,No
LN101866,60,Business Owner,573500,685,Business,515000,84,2,58.4,12.06,South,Rejected,No
LN101867,38,Business Owner,636700,690,Personal,916000,72,2,33.0,12.38,East,Rejected,No
LN101868,30,Salaried,437700,784,Education,546000,36,0,46.0,10.43,North,Approved,No
LN101869,50,Self-Employed,909200,850,Vehicle,1409000,24,0,61.0,12.2,North,Approved,No
LN101870,24,Business Owner,634700,779,Home,359000,12,1,36.8,11.65,West,Rejected,No
LN101871,27,Salaried,712300,663,Home,678000,60,1,31.4,12.63,South,Rejected,No
LN101872,43,Salaried,791100,741,Education,989000,48,0,42.8,10.14,South,Approved,No
LN101873,60,Student,115578,744,Home,45000,24,1,46.2,11.24,West,Rejected,No
LN101874,34,Student,222148,640,Home,330000,48,1,31.5,12.14,North,Rejected,No
LN101875,38,Business Owner,192800,618,Medical,121000,60,0,26.2,13.01,Central,Approved,Yes
LN101876,33,Business Owner,886800,696,Personal,229000,60,0,52.6,11.91,West,Rejected,No
LN101877,38,Salaried,333700,753,Medical,468000,48,3,28.8,13.3,South,Rejected,No
LN101878,21,Salaried,699200,595,Education,908000,36,2,46.3,13.04,East,Rejected,No
LN101879,44,Self-Employed,797100,653,Business,1277000,60,0,35.2,11.77,South,Approved,No
LN101880,44,Self-Employed,905300,737,Vehicle,1463000,60,0,53.9,12.15,West,Rejected,No
LN101881,33,Salaried,335200,703,Home,192000,36,2,21.8,11.08,North,Approved,No
LN101882,31,Self-Employed,627100,792,Business,746000,12,0,21.8,10.2,West,Rejected,No
LN101883,51,Salaried,1628800,608,Home,2929000,84,0,42.3,13.73,South,Rejected,No
LN101884,28,Business Owner,1668800,850,Vehicle,859000,60,3,18.4,10.84,West,Approved,No
LN101885,22,Salaried,1118800,600,Business,1011000,36,0,33.4,13.22,Central,Rejected,No
LN101886,22,Salaried,782600,568,Personal,1289000,60,1,50.6,14.44,South,Rejected,No
LN101887,56,Salaried,374000,696,Personal,103000,60,0,10.6,11.86,South,Rejected,No
LN101888,35,Salaried,965100,626,Vehicle,1619000,24,2,36.8,11.99,East,Rejected,No
LN101889,25,Business Owner,595900,697,Home,554000,24,2,46.5,12.91,East,Approved,No
LN101890,56,Salaried,884700,695,Medical,1432000,84,1,31.7,11.27,North,Rejected,No
LN101891,26,Salaried,458900,687,Home,531000,60,1,20.9,11.52,East,Approved,No
LN101892,34,Business Owner,591000,645,Education,734000,24,0,28.8,12.35,West,Rejected,No
LN101893,21,Self-Employed,711400,728,Education,1006000,60,0,21.9,11.45,Central,Approved,No
LN101894,48,Salaried,744300,679,Medical,159000,48,1,32.8,10.96,West,Rejected,No
LN101895,48,Salaried,852800,772,Business,995000,60,3,28.7,10.69,East,Approved,No
LN101896,51,Salaried,472700,688,Vehicle,790000,36,1,25.8,11.95,South,Approved,No
LN101897,31,Self-Employed,310500,637,Medical,536000,12,0,37.6,12.24,North,Rejected,No
LN101898,34,Salaried,1588600,590,Home,2774000,24,2,50.9,14.17,East,Rejected,No
LN101899,58,Salaried,2555700,689,Business,3062000,84,1,35.9,13.12,East,Approved,No
LN101900,53,Salaried,831400,618,Home,978000,60,1,48.1,12.3,West,Rejected,No
LN101901,22,Self-Employed,313800,612,Vehicle,326000,72,0,50.9,13.24,South,Rejected,No
LN101902,48,Salaried,424800,734,Home,481000,12,0,25.0,12.69,North,Approved,No
LN101903,53,Business Owner,860000,584,Medical,981000,60,2,35.3,12.94,South,Rejected,No
LN101904,43,Salaried,1359100,792,Medical,234000,48,0,26.9,10.88,East,Approved,No
LN101905,46,Self-Employed,333600,710,Personal,84000,60,1,14.2,12.1,South,Approved,No
LN101906,21,Salaried,607000,697,Education,700000,36,3,36.3,11.96,North,Rejected,No
LN101907,22,Salaried,724000,633,Education,459000,60,4,19.4,13.14,North,Rejected,No
LN101908,22,Salaried,1045800,750,Vehicle,640000,12,0,37.8,11.35,South,Approved,No
LN101909,27,Business Owner,538100,700,Vehicle,231000,12,3,13.3,11.23,South,Approved,No
LN101910,60,Business Owner,275000,655,Home,402000,60,1,34.1,12.99,Central,Rejected,No
LN101911,46,Salaried,914700,713,Personal,1591000,24,0,13.2,11.52,Central,Approved,No
LN101912,52,Salaried,1206700,591,Personal,1408000,12,1,40.1,13.18,North,Rejected,No
LN101913,32,Business Owner,621100,594,Medical,1060000,84,0,27.3,11.42,West,Rejected,No
LN101914,58,Self-Employed,812300,627,Vehicle,1302000,36,2,26.1,12.21,East,Approved,No
LN101915,28,Salaried,500700,723,Vehicle,236000,60,0,45.5,12.78,Central,Approved,No
LN101916,57,Salaried,408200,700,Personal,147000,72,0,28.1,11.38,East,Rejected,No
LN101917,22,Self-Employed,1143100,768,Home,525000,60,2,33.3,12.0,North,Approved,No
LN101918,21,Self-Employed,804400,640,Personal,212000,12,3,29.6,12.63,North,Rejected,No
LN101919,24,Self-Employed,851200,737,Business,929000,60,1,38.1,11.74,Central,Rejected,No
LN101920,52,Student,203800,693,Home,118000,60,1,44.5,13.34,Central,Rejected,No
LN101921,31,Salaried,363900,639,Education,601000,36,1,42.0,12.53,East,Rejected,No
LN101922,39,Salaried,479800,725,Business,548000,60,2,26.4,11.5,East,Approved,No
LN101923,39,Salaried,709000,696,Personal,504000,84,0,46.5,12.27,East,Approved,No
LN101924,52,Salaried,476600,659,Personal,845000,24,1,21.0,12.13,West,Approved,No
LN101925,34,Salaried,999900,703,Personal,1720000,24,0,23.1,12.32,East,Approved,No
LN101926,21,Salaried,586300,692,Personal,835000,60,3,30.5,11.02,North,Approved,No
LN101927,36,Salaried,376600,690,Home,545000,48,3,44.6,13.03,South,Rejected,No
LN101928,32,Self-Employed,673900,673,Business,1187000,60,2,18.0,11.94,East,Approved,No
LN101929,50,Salaried,713800,615,Medical,800000,24,0,42.7,13.36,South,Rejected,No
LN101930,51,Salaried,1086900,705,Home,1735000,12,0,31.3,13.64,West,Approved,No
LN101931,24,Self-Employed,806900,648,Home,170000,60,2,26.8,11.95,Central,Approved,No
LN101932,52,Self-Employed,837700,634,Personal,873000,84,0,45.2,12.03,South,Rejected,No
LN101933,23,Business Owner,775200,684,Personal,740000,24,3,22.4,12.05,Central,Rejected,No
LN101934,45,Business Owner,586100,748,Vehicle,96000,72,2,59.4,12.57,West,Approved,No
LN101935,36,Self-Employed,438400,712,Personal,109000,36,3,29.9,12.49,East,Rejected,No
LN101936,33,Salaried,761900,665,Personal,104000,12,3,33.8,11.97,North,Rejected,No
LN101937,40,Salaried,541200,663,Personal,325000,60,2,50.5,12.2,South,Rejected,No
LN101938,33,Self-Employed,1646400,741,Home,314000,36,1,34.1,10.68,Central,Approved,No
LN101939,52,Salaried,1359900,544,Home,1114000,60,0,46.3,12.67,West,Rejected,No
LN101940,59,Salaried,920600,752,Vehicle,1364000,36,1,8.6,10.73,East,Approved,No
LN101941,53,Salaried,800400,578,Medical,915000,48,1,26.7,12.79,North,Rejected,No
LN101942,38,Salaried,619300,608,Personal,771000,36,3,36.8,14.33,South,Rejected,No
LN101943,41,Salaried,324800,667,Vehicle,50000,72,1,45.0,11.43,East,Approved,No
LN101944,38,Salaried,577100,841,Medical,881000,84,1,41.2,11.36,West,Approved,No
LN101945,52,Business Owner,687300,809,Vehicle,240000,48,0,40.1,10.85,Central,Approved,No
LN101946,43,Business Owner,737400,746,Personal,453000,48,2,44.7,12.13,South,Approved,No
LN101947,39,Salaried,841500,723,Home,823000,84,1,37.7,11.6,South,Rejected,No
LN101948,37,Business Owner,1078900,579,Personal,1814000,24,2,6.3,13.08,South,Approved,No
LN101949,36,Salaried,444200,710,Personal,798000,72,1,49.3,13.1,North,Rejected,No
LN101950,43,Business Owner,446400,664,Business,639000,60,3,21.9,11.98,North,Approved,No
LN101951,48,Student,98869,647,Vehicle,132000,72,3,35.8,13.55,South,Approved,No
LN101952,38,Salaried,993300,710,Vehicle,990000,36,0,34.2,12.53,West,Approved,No
LN101953,53,Business Owner,524300,669,Home,646000,36,2,32.6,13.26,South,Rejected,No
LN101954,54,Student,217496,757,Medical,75000,36,0,18.7,11.21,Central,Rejected,No
LN101955,38,Business Owner,614300,574,Home,343000,12,2,8.7,13.12,Central,Rejected,No
LN101956,57,Student,87445,705,Personal,155000,24,0,20.0,11.15,North,Approved,No
LN101957,27,Self-Employed,843000,643,Personal,1488000,84,0,41.9,12.12,West,Approved,No
LN101958,58,Salaried,2620800,673,Home,1701000,36,1,14.6,13.33,North,Rejected,No
LN101959,32,Business Owner,721500,720,Vehicle,368000,12,1,21.4,10.84,North,Rejected,No
LN101960,43,Self-Employed,935800,627,Home,459000,36,1,37.0,12.43,South,Rejected,No
LN101961,32,Self-Employed,257100,711,Personal,238000,48,0,19.7,10.3,North,Rejected,No
LN101962,38,Salaried,497800,686,Medical,239000,60,2,25.5,11.38,West,Rejected,No
LN101963,34,Self-Employed,1277700,657,Vehicle,1536000,12,1,33.0,11.7,West,Rejected,No
LN101964,49,Salaried,811000,669,Medical,184000,60,1,35.4,11.89,East,Rejected,No
LN101965,24,Self-Employed,120000,690,Home,33000,72,1,19.4,12.0,East,Approved,No
LN101966,54,Salaried,941700,650,Vehicle,538000,36,1,33.7,12.85,West,Approved,No
LN101967,57,Self-Employed,1866800,700,Medical,2654000,60,1,36.8,11.44,West,Rejected,No
LN101968,43,Business Owner,216900,682,Business,141000,36,0,16.7,11.23,Central,Rejected,No
LN101969,42,Salaried,1499100,660,Vehicle,1350000,48,0,34.6,13.17,West,Rejected,No
LN101970,48,Salaried,141500,803,Personal,172000,84,0,23.4,12.18,South,Approved,No
LN101971,28,Salaried,1088800,727,Business,1568000,72,1,33.5,12.73,East,Approved,No
LN101972,50,Student,185341,675,Business,115000,36,0,40.7,11.29,East,Rejected,No
LN101973,29,Self-Employed,178500,709,Personal,240000,48,2,29.9,12.73,North,Rejected,No
LN101974,48,Salaried,830800,633,Home,487000,36,1,43.0,14.13,West,Approved,No
LN101975,33,Salaried,1224100,672,Home,1464000,60,2,41.5,11.3,Central,Approved,No
LN101976,50,Salaried,794000,679,Personal,688000,60,4,42.9,13.22,Central,Rejected,No
LN101977,52,Salaried,896600,619,Personal,1502000,24,2,36.8,12.95,South,Approved,Yes
LN101978,29,Student,160951,725,Education,285000,84,0,45.2,11.93,North,Rejected,No
LN101979,45,Self-Employed,233500,667,Education,331000,60,0,36.6,12.48,North,Rejected,No
LN101980,40,Salaried,951000,677,Vehicle,1575000,24,0,12.0,12.02,West,Approved,No
LN101981,32,Business Owner,1701600,663,Vehicle,565000,72,2,22.5,12.89,East,Approved,No
LN101982,44,Salaried,1209800,850,Vehicle,1467000,60,1,29.5,11.54,West,Approved,No
LN101983,60,Business Owner,217800,657,Vehicle,95000,36,2,31.0,11.29,Central,Approved,No
LN101984,21,Salaried,282500,566,Home,161000,60,2,36.3,12.75,South,Rejected,No
LN101985,59,Self-Employed,408200,596,Business,404000,72,1,22.3,12.68,South,Rejected,No
LN101986,55,Business Owner,270700,749,Personal,369000,84,0,56.1,13.34,West,Approved,No
LN101987,42,Salaried,666000,787,Home,883000,36,1,30.8,9.39,South,Approved,No
LN101988,45,Self-Employed,807000,656,Vehicle,1274000,60,2,31.9,11.95,East,Approved,No
LN101989,35,Student,103862,783,Vehicle,109000,72,3,24.0,10.09,South,Rejected,No
LN101990,26,Salaried,996600,748,Personal,1669000,84,1,20.0,10.38,East,Approved,No
LN101991,43,Salaried,904700,688,Personal,1456000,12,2,30.5,12.77,Central,Rejected,No
LN101992,53,Self-Employed,480800,683,Personal,742000,60,3,32.3,11.8,North,Approved,No
LN101993,30,Salaried,591200,712,Personal,290000,72,2,31.0,10.27,East,Rejected,No
LN101994,49,Salaried,222400,757,Home,223000,12,0,51.9,11.96,Central,Rejected,No
LN101995,50,Salaried,541400,726,Education,732000,48,2,30.5,13.2,South,Approved,No
LN101996,51,Business Owner,652600,656,Home,1148000,60,1,31.0,11.09,West,Rejected,No
LN101997,34,Salaried,713200,689,Vehicle,85000,60,2,41.8,12.73,Central,Approved,No
LN101998,36,Salaried,800600,829,Vehicle,525000,60,2,29.9,12.04,South,Approved,No
LN101999,37,Business Owner,743500,716,Personal,507000,12,3,38.5,12.02,North,Approved,No
LN102000,55,Self-Employed,562000,757,Home,332000,60,0,16.7,12.54,North,Approved,No
LN102001,57,Business Owner,760800,735,Personal,1133000,36,2,16.7,10.9,North,Approved,No
LN102002,37,Salaried,1127900,718,Education,199000,72,1,33.5,12.93,South,Rejected,No
LN102003,59,Student,64829,707,Vehicle,46000,48,1,29.2,12.75,North,Rejected,No
LN102004,43,Self-Employed,774100,758,Personal,1014000,12,0,22.3,11.3,South,Approved,No
LN102005,36,Salaried,586700,747,Home,464000,84,2,33.5,10.65,West,Approved,No
LN102006,21,Business Owner,455400,717,Vehicle,157000,60,1,34.5,11.25,South,Approved,No
LN102007,45,Salaried,866600,655,Vehicle,987000,36,0,23.5,10.53,East,Rejected,No
LN102008,46,Salaried,479000,725,Personal,473000,36,1,25.8,12.09,North,Approved,No
LN102009,59,Salaried,803800,696,Home,1422000,60,0,34.6,12.45,West,Rejected,No
LN102010,49,Self-Employed,660200,680,Medical,906000,84,1,19.7,11.93,South,Rejected,No
LN102011,22,Salaried,549900,850,Medical,977000,36,0,24.8,10.56,North,Approved,No
LN102012,43,Salaried,542700,600,Business,226000,84,3,38.4,13.94,Central,Rejected,No
LN102013,50,Salaried,491500,762,Education,686000,36,1,31.7,11.73,West,Approved,No
LN102014,40,Salaried,262900,644,Personal,273000,60,2,26.3,11.94,West,Rejected,No
LN102015,38,Salaried,802400,709,Home,1052000,36,2,21.2,11.79,West,Approved,No
LN102016,53,Self-Employed,738300,850,Business,661000,24,0,19.8,11.95,South,Rejected,No
LN102017,45,Salaried,1037200,637,Personal,478000,84,1,30.4,12.92,South,Rejected,No
LN102018,48,Salaried,485300,653,Home,86000,24,0,56.3,12.74,East,Rejected,No
LN102019,39,Self-Employed,1843500,699,Vehicle,2812000,84,0,38.8,12.17,West,Approved,No
LN102020,32,Salaried,527500,645,Business,783000,24,2,16.0,12.39,Central,Approved,No
LN102021,41,Self-Employed,401700,757,Business,151000,36,1,40.5,11.49,East,Rejected,No
LN102022,59,Salaried,376300,665,Personal,450000,84,0,22.9,11.72,South,Rejected,No
LN102023,45,Salaried,250500,743,Vehicle,339000,60,3,31.9,11.67,West,Rejected,No
LN102024,49,Salaried,1510100,614,Business,1583000,24,1,24.9,13.6,West,Rejected,No
LN102025,25,Salaried,1381700,583,Business,883000,60,0,56.3,14.12,South,Rejected,No
LN102026,60,Salaried,904500,685,Business,1445000,24,1,18.4,11.52,South,Approved,Yes
LN102027,30,Business Owner,397100,598,Vehicle,473000,72,0,35.8,13.54,North,Rejected,No
LN102028,59,Salaried,1760200,799,Personal,2331000,12,1,23.8,11.03,South,Rejected,No
LN102029,38,Self-Employed,535700,601,Business,647000,60,1,40.9,13.28,West,Rejected,No
LN102030,57,Self-Employed,560600,633,Home,743000,12,1,35.5,12.83,South,Rejected,No
LN102031,56,Salaried,1432900,727,Vehicle,497000,60,1,47.1,10.71,East,Rejected,No
LN102032,51,Salaried,933900,662,Home,1558000,84,0,40.6,10.41,South,Approved,No
LN102033,57,Salaried,2181100,601,Vehicle,1278000,72,1,23.7,12.77,North,Rejected,No
LN102034,45,Salaried,745300,833,Business,1134000,36,1,67.0,11.24,West,Rejected,No
LN102035,54,Salaried,522500,635,Home,846000,36,1,38.7,11.57,East,Approved,No
LN102036,27,Business Owner,464300,687,Personal,560000,24,1,25.4,11.39,West,Rejected,No
LN102037,23,Student,166984,686,Home,187000,72,1,34.5,12.85,West,Approved,Yes
LN102038,42,Salaried,557700,746,Business,159000,24,2,39.6,12.1,West,Rejected,No
LN102039,53,Self-Employed,1219900,730,Business,1027000,60,0,39.1,12.5,North,Approved,No
LN102040,51,Business Owner,903500,646,Personal,1030000,36,0,38.0,12.92,East,Approved,No
LN102041,42,Salaried,657300,679,Personal,157000,84,0,43.6,11.84,South,Rejected,No
LN102042,41,Business Owner,376100,685,Home,109000,60,1,42.4,12.95,West,Rejected,No
LN102043,45,Self-Employed,736400,749,Business,1317000,60,2,21.8,11.79,East,Approved,No
LN102044,55,Business Owner,1134600,624,Personal,754000,84,0,57.3,13.18,North,Rejected,No
LN102045,54,Student,65735,831,Home,46000,84,0,55.6,11.61,East,Approved,No
LN102046,25,Salaried,712400,651,Medical,376000,60,0,41.6,13.21,West,Rejected,No
LN102047,44,Salaried,419300,699,Home,502000,60,1,32.5,11.52,South,Rejected,No
LN102048,36,Self-Employed,1047200,625,Personal,947000,60,0,32.7,13.4,West,Approved,No
LN102049,52,Salaried,120000,616,Home,173000,48,0,28.1,13.0,Central,Rejected,No
LN102050,41,Salaried,802300,643,Personal,779000,12,1,29.7,12.43,North,Rejected,No
LN102051,60,Student,154403,637,Home,25000,60,2,5.8,12.95,East,Approved,No
LN102052,38,Salaried,283500,673,Home,261000,60,1,50.4,11.79,Central,Rejected,No
LN102053,48,Salaried,569200,636,Vehicle,110000,24,1,46.1,12.57,North,Rejected,No
LN102054,25,Business Owner,647200,745,Medical,974000,36,1,11.9,10.68,South,Approved,No
LN102055,58,Salaried,504000,649,Education,148000,60,0,42.7,12.95,East,Approved,No
LN102056,27,Salaried,1149400,642,Personal,539000,24,2,31.9,13.31,East,Rejected,No
LN102057,36,Student,128211,674,Personal,113000,60,3,29.6,11.48,West,Rejected,No
LN102058,54,Salaried,706800,765,Business,305000,60,1,37.9,13.97,East,Approved,No
LN102059,59,Salaried,1007700,714,Education,1025000,36,0,11.1,10.93,East,Approved,No
LN102060,40,Salaried,656000,694,Personal,579000,36,0,31.9,12.32,South,Approved,No
LN102061,40,Student,63400,607,Medical,109000,36,1,33.0,12.8,North,Rejected,No
LN102062,22,Salaried,706400,626,Vehicle,177000,36,0,33.0,12.67,East,Rejected,No
LN102063,60,Salaried,723700,617,Vehicle,782000,60,2,15.6,11.72,North,Approved,No
LN102064,21,Salaried,253700,785,Business,336000,60,0,37.4,12.23,Central,Approved,No
LN102065,22,Salaried,482100,734,Vehicle,153000,72,3,44.7,11.47,North,Approved,No
LN102066,39,Business Owner,1221700,644,Vehicle,1444000,12,1,36.9,11.36,North,Rejected,No
LN102067,21,Salaried,311800,663,Education,489000,60,2,29.2,11.47,West,Rejected,No
LN102068,27,Student,84715,646,Business,122000,36,1,64.3,14.28,North,Rejected,No
LN102069,46,Salaried,661700,642,Medical,1118000,72,1,20.9,13.09,South,Rejected,No
LN102070,49,Salaried,1381400,730,Personal,1830000,12,1,41.3,10.61,Central,Rejected,No
LN102071,32,Business Owner,665300,681,Personal,512000,60,3,34.9,12.82,West,Approved,No
LN102072,52,Salaried,540300,835,Vehicle,899000,60,0,56.1,10.16,South,Approved,No
LN102073,45,Salaried,233900,781,Home,113000,36,0,36.6,11.47,South,Approved,No
LN102074,30,Business Owner,833600,785,Home,911000,84,0,39.2,10.68,East,Rejected,No
LN102075,49,Salaried,935100,744,Home,1311000,24,1,38.1,12.45,East,Approved,No
LN102076,44,Self-Employed,244000,673,Home,386000,24,1,19.3,12.31,North,Approved,No
LN102077,53,Student,82204,739,Personal,136000,60,3,21.6,12.14,North,Approved,No
LN102078,27,Salaried,990400,677,Home,242000,60,1,28.7,11.92,West,Rejected,No
LN102079,30,Salaried,1211700,806,Home,1617000,36,1,43.5,11.33,South,Rejected,No
LN102080,33,Salaried,896000,726,Vehicle,400000,36,4,34.8,10.84,West,Approved,No
LN102081,34,Salaried,931200,717,Education,1326000,24,0,29.5,11.11,North,Approved,No
LN102082,56,Salaried,865600,708,Home,1118000,72,1,48.5,13.04,East,Rejected,No
LN102083,50,Self-Employed,1048000,813,Home,428000,60,2,8.2,10.78,East,Approved,Yes
LN102084,42,Salaried,239000,607,Education,362000,36,1,16.5,12.45,South,Rejected,No
LN102085,42,Self-Employed,284700,819,Personal,252000,36,0,5.0,11.28,East,Approved,No
LN102086,56,Salaried,433600,688,Business,444000,84,1,46.5,11.57,North,Rejected,No
LN102087,38,Salaried,605200,609,Business,1060000,72,3,30.8,13.23,Central,Approved,No
LN102088,30,Salaried,804700,651,Business,979000,12,4,43.6,11.88,West,Rejected,No
LN102089,26,Self-Employed,777100,593,Personal,855000,60,0,30.7,13.88,South,Rejected,No
LN102090,34,Salaried,1201600,742,Medical,154000,24,1,44.3,12.38,East,Approved,No
LN102091,47,Salaried,1222500,633,Personal,536000,36,1,30.5,13.2,Central,Rejected,No
LN102092,39,Business Owner,402300,711,Personal,58000,72,0,36.9,11.57,South,Rejected,No
LN102093,37,Self-Employed,741100,774,Vehicle,494000,72,0,35.2,13.04,South,Approved,No
LN102094,40,Salaried,407800,656,Vehicle,280000,24,0,36.1,13.88,West,Rejected,No
LN102095,59,Business Owner,586100,683,Vehicle,587000,72,4,52.2,12.97,North,Rejected,No
LN102096,60,Salaried,775800,615,Home,987000,60,2,12.5,13.04,West,Approved,No
LN102097,27,Salaried,120000,675,Business,49000,60,2,31.2,11.99,North,Rejected,No
LN102098,25,Salaried,2448300,850,Home,2749000,60,1,34.4,10.0,West,Rejected,No
LN102099,30,Salaried,887600,751,Personal,1472000,60,2,32.6,12.19,South,Approved,No
LN102100,55,Salaried,468400,683,Business,194000,84,2,27.2,11.4,North,Approved,No
LN102101,39,Business Owner,1876200,660,Vehicle,2290000,36,2,25.6,13.1,Central,Rejected,No
LN102102,55,Salaried,536900,697,Home,95000,60,1,50.4,13.24,East,Rejected,No
LN102103,46,Business Owner,699100,708,Vehicle,701000,36,0,31.2,12.11,South,Rejected,No
LN102104,43,Business Owner,497200,673,Vehicle,676000,72,1,61.3,13.1,West,Approved,Yes
LN102105,32,Self-Employed,1612500,734,Medical,255000,24,3,38.3,12.6,East,Rejected,No
LN102106,34,Self-Employed,613500,638,Personal,409000,48,3,28.5,12.63,North,Rejected,No
LN102107,26,Self-Employed,705700,638,Personal,1124000,60,1,38.6,12.4,West,Rejected,No
LN102108,41,Student,235835,724,Personal,114000,36,0,33.3,10.81,Central,Rejected,No
LN102109,32,Salaried,896800,624,Personal,1192000,36,0,48.1,13.71,South,Approved,No
LN102110,32,Salaried,630900,747,Personal,720000,36,3,18.0,11.56,Central,Approved,No
LN102111,22,Salaried,1197100,699,Home,453000,60,1,10.4,13.42,East,Approved,No
LN102112,52,Self-Employed,2625800,581,Education,3573000,36,0,36.3,13.02,North,Approved,No
LN102113,58,Salaried,774000,707,Home,778000,48,0,42.0,12.43,West,Approved,No
LN102114,40,Self-Employed,693100,590,Personal,201000,60,1,35.4,13.22,South,Rejected,No
LN102115,42,Salaried,714000,745,Business,1224000,84,1,40.1,12.32,West,Approved,No
LN102116,58,Business Owner,1336400,684,Personal,1251000,60,3,38.3,11.63,East,Approved,No
LN102117,41,Salaried,467500,820,Personal,639000,24,1,14.2,10.57,North,Approved,Yes
LN102118,45,Salaried,557700,770,Medical,262000,72,1,35.4,12.13,North,Rejected,No
LN102119,38,Salaried,279000,631,Home,93000,72,2,47.8,12.74,South,Approved,No
LN102120,41,Salaried,338900,569,Home,461000,60,1,34.1,13.68,East,Rejected,No
LN102121,41,Salaried,488900,651,Medical,609000,60,1,16.3,12.09,Central,Approved,No
LN102122,49,Salaried,630300,621,Medical,357000,12,0,28.0,12.84,West,Approved,No
LN102123,45,Salaried,1719800,819,Personal,2354000,60,0,38.7,12.05,West,Approved,No
LN102124,41,Salaried,872900,699,Education,837000,60,0,53.5,12.41,East,Rejected,No
LN102125,24,Salaried,393600,761,Medical,273000,36,0,8.5,9.93,North,Approved,No
LN102126,57,Salaried,435500,681,Business,626000,12,1,36.3,12.1,West,Rejected,No
LN102127,56,Salaried,1384500,688,Personal,1590000,36,1,20.8,11.26,North,Approved,No
LN102128,28,Salaried,1207900,698,Education,1162000,60,1,38.1,10.71,North,Approved,No
LN102129,32,Salaried,660100,772,Personal,934000,24,0,39.1,11.55,South,Rejected,No
LN102130,59,Salaried,509600,720,Business,523000,60,3,29.2,11.93,Central,Approved,No
LN102131,33,Salaried,1206700,631,Business,2046000,72,3,39.6,13.48,West,Rejected,No
LN102132,53,Business Owner,376400,805,Personal,561000,36,0,45.7,10.73,North,Approved,No
LN102133,52,Student,179685,681,Personal,127000,24,0,30.0,12.19,Central,Approved,No
LN102134,55,Business Owner,2268600,670,Personal,2020000,24,1,16.0,12.65,West,Approved,No
LN102135,21,Salaried,727700,516,Personal,1257000,36,0,49.1,13.52,East,Rejected,No
LN102136,40,Self-Employed,424300,741,Vehicle,688000,72,2,41.9,12.32,North,Rejected,No
LN102137,43,Salaried,814600,707,Home,346000,60,1,38.8,13.26,South,Rejected,No
LN102138,54,Business Owner,501900,706,Home,284000,72,1,23.7,10.47,South,Approved,No
LN102139,29,Business Owner,301900,674,Business,217000,84,0,43.8,12.72,West,Rejected,No
LN102140,33,Business Owner,955800,663,Home,1525000,36,1,56.5,13.75,East,Approved,No
LN102141,28,Business Owner,1202000,676,Home,2015000,60,2,30.5,11.93,South,Approved,No
LN102142,51,Salaried,547800,730,Medical,802000,48,0,33.1,12.78,South,Approved,No
LN102143,60,Business Owner,528200,742,Personal,300000,48,0,19.2,11.81,East,Rejected,No
LN102144,26,Business Owner,383000,685,Home,616000,36,0,23.4,13.17,Central,Approved,No
LN102145,30,Salaried,598500,762,Education,93000,36,2,19.1,11.61,North,Approved,No
LN102146,33,Business Owner,477100,695,Business,391000,60,0,33.6,13.4,West,Approved,No
LN102147,56,Salaried,372700,667,Vehicle,277000,60,3,27.9,12.4,Central,Rejected,No
LN102148,38,Student,102604,713,Vehicle,104000,36,1,36.5,11.08,West,Rejected,No
LN102149,32,Business Owner,840100,612,Vehicle,885000,24,1,21.3,12.02,South,Rejected,No
LN102150,33,Salaried,890500,715,Education,430000,60,1,30.0,12.57,West,Approved,No
LN102151,44,Self-Employed,1056600,600,Personal,473000,60,1,20.6,13.24,Central,Rejected,No
LN102152,36,Salaried,993300,633,Home,1456000,60,1,34.3,12.4,West,Rejected,No
LN102153,26,Business Owner,517900,569,Personal,119000,12,1,12.4,13.85,North,Rejected,No
LN102154,53,Business Owner,755100,689,Home,709000,36,2,33.8,11.91,North,Approved,No
LN102155,37,Self-Employed,560600,805,Home,239000,60,0,28.7,11.43,North,Rejected,No
LN102156,31,Business Owner,827300,692,Home,532000,60,1,34.2,12.45,North,Rejected,No
LN102157,50,Salaried,784400,742,Business,448000,12,1,12.2,10.26,West,Approved,No
LN102158,50,Salaried,526600,850,Home,687000,48,0,39.9,10.95,South,Approved,No
LN102159,27,Salaried,312900,726,Education,274000,48,0,28.4,13.39,West,Approved,No
LN102160,23,Salaried,704400,650,Home,429000,60,0,34.6,11.84,West,Rejected,No
LN102161,22,Salaried,580900,659,Personal,879000,24,0,9.6,12.23,East,Approved,No
LN102162,51,Salaried,229800,700,Vehicle,56000,60,1,17.1,10.84,North,Rejected,No
LN102163,46,Salaried,859400,659,Medical,1206000,84,2,27.3,11.58,South,Rejected,No
LN102164,52,Salaried,1105300,664,Personal,577000,36,2,48.5,11.74,North,Rejected,No
LN102165,46,Business Owner,2611200,764,Personal,4336000,36,0,38.3,12.33,Central,Approved,No
LN102166,37,Salaried,524200,767,Personal,57000,12,1,33.6,10.92,South,Rejected,No
LN102167,44,Business Owner,483300,593,Home,506000,12,1,20.9,13.49,North,Rejected,No
LN102168,49,Salaried,353100,647,Medical,409000,84,1,18.7,11.74,North,Approved,No
LN102169,36,Salaried,729000,670,Medical,788000,84,0,35.3,12.44,East,Rejected,No
LN102170,57,Salaried,726500,739,Education,1079000,12,0,40.4,12.21,East,Rejected,No
LN102171,56,Salaried,416000,774,Personal,121000,84,1,34.5,10.36,Central,Rejected,No
LN102172,53,Salaried,590400,850,Education,476000,24,0,52.5,11.48,South,Approved,No
LN102173,60,Salaried,218900,670,Personal,343000,60,0,23.8,12.3,North,Approved,No
LN102174,36,Salaried,1081900,673,Business,1743000,60,3,34.2,13.09,West,Approved,No
LN102175,25,Salaried,425400,738,Medical,403000,36,3,11.7,10.54,South,Rejected,No
LN102176,40,Self-Employed,637700,656,Vehicle,669000,60,1,34.5,11.87,South,Rejected,No
LN102177,50,Salaried,296600,691,Personal,415000,60,0,49.6,13.0,Central,Rejected,No
LN102178,52,Business Owner,471900,673,Personal,673000,24,0,19.5,12.92,East,Approved,No
LN102179,36,Salaried,557400,530,Education,897000,84,3,42.1,13.22,South,Rejected,No
LN102180,32,Student,62598,708,Personal,96000,36,3,49.3,11.53,Central,Rejected,No
LN102181,38,Business Owner,846300,688,Personal,681000,12,1,23.7,11.69,South,Rejected,No
LN102182,53,Student,242286,783,Business,292000,84,0,37.6,10.79,North,Approved,Yes
LN102183,23,Business Owner,972600,700,Medical,896000,48,0,51.0,12.78,South,Approved,No
LN102184,34,Salaried,1103400,618,Home,332000,36,0,34.8,12.0,North,Approved,No
LN102185,30,Self-Employed,1439900,683,Education,2155000,36,0,41.4,13.08,South,Approved,No
LN102186,53,Salaried,889200,564,Home,999000,12,0,10.7,12.73,West,Rejected,No
LN102187,39,Business Owner,637000,621,Home,127000,36,1,39.2,13.54,Central,Rejected,No
LN102188,24,Self-Employed,1132300,741,Vehicle,1416000,36,1,38.2,10.16,West,Approved,No
LN102189,31,Salaried,1172800,684,Business,682000,60,4,16.1,10.52,Central,Rejected,No
LN102190,22,Business Owner,928600,760,Vehicle,202000,48,1,20.4,12.16,South,Rejected,No
LN102191,40,Salaried,292100,572,Personal,330000,72,1,39.2,12.73,South,Rejected,No
LN102192,60,Self-Employed,409200,684,Vehicle,550000,84,0,28.4,11.04,North,Rejected,No
LN102193,43,Self-Employed,558800,669,Education,547000,36,1,45.3,12.46,East,Rejected,No
LN102194,55,Salaried,998000,762,Business,109000,84,1,35.7,11.79,South,Approved,No
LN102195,50,Self-Employed,642400,744,Personal,694000,72,1,32.7,11.58,North,Rejected,No
LN102196,56,Business Owner,1214700,742,Vehicle,135000,84,3,30.0,11.97,Central,Approved,No
LN102197,33,Salaried,1339900,800,Medical,2244000,60,1,35.5,11.55,North,Rejected,No
LN102198,59,Salaried,1257000,676,Vehicle,697000,24,0,41.6,12.65,West,Rejected,No
LN102199,30,Salaried,1261500,787,Home,1994000,24,0,38.4,12.43,North,Rejected,No
LN102200,38,Self-Employed,367500,632,Vehicle,44000,84,2,26.9,12.43,East,Approved,No
LN102201,48,Salaried,847600,630,Personal,225000,60,0,46.9,12.93,West,Rejected,No
LN102202,32,Business Owner,465400,749,Vehicle,404000,72,5,39.9,12.39,South,Rejected,No
LN102203,31,Business Owner,262400,602,Business,365000,60,2,36.6,13.31,North,Rejected,No
LN102204,26,Salaried,554900,737,Personal,945000,36,2,33.1,11.12,East,Rejected,No
LN102205,21,Salaried,1346900,707,Vehicle,1328000,36,2,38.0,12.05,East,Approved,No
LN102206,41,Self-Employed,837500,770,Business,590000,84,1,10.0,11.22,South,Approved,No
LN102207,60,Self-Employed,1971900,696,Vehicle,347000,12,4,34.9,11.72,South,Rejected,No
LN102208,29,Salaried,716600,704,Vehicle,783000,60,1,51.7,12.11,North,Approved,No
LN102209,38,Salaried,2498000,733,Home,1864000,84,0,34.6,10.85,South,Approved,No
LN102210,58,Salaried,716700,657,Vehicle,1179000,24,1,33.0,10.38,Central,Rejected,No
LN102211,51,Student,160588,654,Vehicle,147000,36,1,24.8,11.95,North,Rejected,No
LN102212,21,Salaried,321600,731,Home,451000,60,1,37.9,12.01,East,Approved,No
LN102213,41,Business Owner,1197200,698,Personal,1846000,72,0,29.7,11.22,West,Rejected,No
LN102214,26,Salaried,493100,674,Home,132000,60,1,47.7,13.59,West,Rejected,No
LN102215,30,Business Owner,455400,695,Education,387000,12,1,21.6,11.07,North,Approved,No
LN102216,30,Salaried,1315100,804,Personal,2130000,24,1,26.6,11.7,East,Rejected,No
LN102217,45,Salaried,1229000,671,Education,1010000,36,5,24.8,12.37,East,Rejected,No
LN102218,28,Business Owner,1211500,669,Personal,1285000,36,1,54.0,14.35,North,Rejected,No
LN102219,31,Student,153016,589,Personal,242000,36,2,29.7,13.23,North,Rejected,No
LN102220,30,Salaried,632000,697,Education,313000,72,1,25.4,10.87,Central,Rejected,No
LN102221,35,Salaried,629000,743,Home,1019000,12,2,6.9,11.79,South,Approved,No
LN102222,47,Salaried,999600,754,Vehicle,775000,72,1,21.1,12.51,North,Approved,No
LN102223,36,Salaried,1527600,707,Home,1693000,84,2,38.3,10.89,East,Rejected,No
LN102224,34,Salaried,795900,762,Personal,523000,60,1,38.3,12.13,South,Rejected,No
LN102225,41,Business Owner,1925900,748,Personal,1918000,60,2,24.2,12.05,North,Approved,No
LN102226,45,Salaried,1064700,772,Personal,196000,24,0,24.9,11.12,South,Approved,No
LN102227,21,Self-Employed,571300,764,Vehicle,121000,60,1,54.3,10.38,South,Approved,No
LN102228,56,Salaried,1025300,802,Medical,825000,36,0,64.4,11.81,East,Rejected,No
LN102229,57,Salaried,1661100,689,Home,1112000,36,1,45.8,12.05,South,Rejected,No
LN102230,45,Self-Employed,1950900,614,Business,2237000,60,2,50.7,14.25,North,Rejected,No
LN102231,43,Salaried,1248600,743,Business,205000,12,1,53.3,12.15,East,Approved,No
LN102232,48,Self-Employed,659200,751,Vehicle,254000,36,2,58.6,11.99,West,Rejected,No
LN102233,38,Salaried,577000,802,Home,263000,60,0,28.4,10.71,East,Approved,No
LN102234,35,Student,195943,783,Home,166000,48,2,21.5,11.33,North,Rejected,No
LN102235,35,Business Owner,1632200,826,Medical,848000,24,1,54.0,11.61,North,Rejected,No
LN102236,27,Business Owner,825100,740,Education,276000,12,2,20.4,10.86,Central,Approved,No
LN102237,54,Salaried,834600,715,Business,931000,36,1,19.7,11.78,North,Approved,No
LN102238,33,Salaried,668600,610,Personal,912000,60,3,19.9,12.05,South,Rejected,No
LN102239,32,Salaried,542700,720,Vehicle,686000,60,1,30.4,10.01,West,Rejected,No
LN102240,59,Self-Employed,594500,664,Personal,339000,24,2,8.2,12.19,West,Rejected,No
LN102241,41,Salaried,700300,714,Education,1087000,60,3,14.8,11.88,Central,Approved,No
LN102242,45,Salaried,1672300,704,Vehicle,1907000,84,1,24.5,11.95,South,Rejected,No
LN102243,30,Salaried,569700,731,Medical,652000,60,3,17.6,11.11,Central,Approved,No
LN102244,32,Salaried,669100,694,Education,309000,60,2,44.7,12.34,North,Approved,Yes
LN102245,50,Salaried,403800,761,Medical,207000,60,0,32.1,12.11,West,Approved,No
LN102246,39,Salaried,964000,523,Medical,874000,72,0,38.9,13.17,South,Approved,No
LN102247,26,Salaried,1378400,712,Home,695000,84,1,37.6,12.67,Central,Rejected,No
LN102248,54,Self-Employed,1588300,778,Personal,2017000,12,0,29.5,10.31,Central,Rejected,No
LN102249,37,Salaried,726900,822,Home,454000,36,3,43.9,11.46,West,Approved,No
LN102250,47,Salaried,891500,748,Personal,319000,24,3,37.4,11.79,East,Approved,No
LN102251,34,Self-Employed,597400,810,Medical,214000,60,3,28.2,11.75,North,Approved,No
LN102252,43,Business Owner,869000,711,Business,275000,12,0,11.8,10.79,East,Approved,No
LN102253,52,Salaried,772500,700,Medical,655000,84,0,38.2,11.61,North,Rejected,No
LN102254,56,Self-Employed,671200,734,Education,71000,12,0,16.9,10.4,West,Rejected,No
LN102255,29,Student,199351,700,Personal,204000,60,0,36.6,11.74,North,Rejected,No
LN102256,47,Self-Employed,833400,649,Education,506000,36,1,32.9,12.63,South,Approved,No
LN102257,57,Business Owner,552900,667,Business,575000,48,3,15.7,10.62,South,Approved,No
LN102258,46,Business Owner,568800,628,Home,961000,48,0,35.1,12.37,West,Rejected,No
LN102259,26,Salaried,1662400,734,Home,2622000,60,0,34.3,12.24,South,Approved,No
LN102260,28,Salaried,2886400,701,Home,3117000,48,1,34.3,12.0,East,Approved,No
LN102261,29,Self-Employed,335100,677,Home,272000,48,1,33.8,12.31,North,Rejected,No
LN102262,25,Student,182029,663,Home,234000,60,1,24.2,11.07,South,Rejected,No
LN102263,51,Salaried,384000,733,Home,641000,84,1,39.1,11.87,East,Rejected,No
LN102264,59,Salaried,614100,751,Business,572000,60,1,23.7,11.43,North,Approved,No
LN102265,41,Self-Employed,1063900,627,Business,286000,60,0,19.1,12.17,West,Approved,No
LN102266,44,Salaried,899800,616,Education,1262000,48,0,40.1,13.01,South,Rejected,No
LN102267,51,Business Owner,714500,762,Business,84000,84,3,43.2,11.59,Central,Rejected,No
LN102268,37,Salaried,869500,611,Vehicle,1217000,48,1,39.3,12.6,South,Rejected,No
LN102269,39,Self-Employed,444200,736,Business,109000,84,2,29.5,10.95,South,Approved,No
LN102270,44,Business Owner,568300,805,Vehicle,160000,72,0,8.7,11.28,Central,Approved,No
LN102271,33,Self-Employed,642900,805,Personal,919000,24,1,49.8,10.77,Central,Approved,No
LN102272,23,Self-Employed,272000,748,Vehicle,346000,12,0,8.5,11.16,East,Approved,No
LN102273,43,Business Owner,343200,746,Home,362000,60,1,39.0,13.1,North,Approved,No
LN102274,53,Business Owner,350800,846,Personal,524000,60,2,57.3,12.26,South,Approved,No
LN102275,23,Business Owner,989500,548,Business,1531000,60,1,33.8,13.64,East,Approved,No
LN102276,29,Salaried,743900,670,Business,653000,84,2,35.5,12.53,South,Approved,No
LN102277,31,Self-Employed,909600,755,Vehicle,1632000,60,2,36.6,11.61,North,Approved,No
LN102278,53,Salaried,236300,678,Personal,167000,36,0,34.4,11.63,East,Approved,No
LN102279,41,Business Owner,287400,781,Business,113000,60,0,60.2,11.9,North,Rejected,No
LN102280,42,Self-Employed,936100,697,Home,1440000,12,2,21.9,12.2,Central,Rejected,No
LN102281,46,Salaried,141000,709,Home,114000,60,1,20.4,11.94,North,Approved,No
LN102282,32,Salaried,1274800,682,Vehicle,2023000,84,4,28.1,12.62,Central,Approved,No
LN102283,49,Salaried,238400,666,Education,49000,12,2,52.9,13.67,East,Rejected,No
LN102284,22,Self-Employed,1033600,664,Vehicle,298000,72,1,25.1,12.03,Central,Approved,No
LN102285,25,Salaried,398700,718,Home,67000,72,0,37.2,12.15,West,Rejected,No
LN102286,53,Salaried,1157300,650,Personal,1300000,24,1,44.9,11.42,North,Approved,No
LN102287,47,Business Owner,3795100,762,Personal,5000000,72,2,41.3,13.34,South,Rejected,No
LN102288,28,Business Owner,186200,742,Business,146000,60,2,44.2,11.7,North,Approved,No
LN102289,38,Salaried,952800,771,Personal,242000,48,2,49.0,12.34,West,Rejected,No
LN102290,23,Salaried,240400,627,Vehicle,177000,36,1,35.7,12.41,North,Rejected,No
LN102291,47,Student,92900,590,Medical,64000,36,1,26.5,12.46,West,Rejected,No
LN102292,51,Self-Employed,580100,700,Personal,693000,60,0,33.8,11.9,Central,Approved,No
LN102293,32,Self-Employed,698100,850,Personal,844000,36,1,27.9,9.85,South,Approved,No
LN102294,35,Salaried,393700,782,Education,108000,36,2,62.3,10.39,West,Rejected,No
LN102295,30,Salaried,998500,664,Personal,813000,84,2,25.6,12.96,Central,Approved,No
LN102296,36,Salaried,293100,728,Personal,349000,60,1,37.8,12.33,West,Approved,No
LN102297,31,Self-Employed,1286700,747,Personal,695000,60,0,14.0,10.56,North,Approved,No
LN102298,30,Salaried,519000,611,Business,411000,84,3,33.6,13.09,South,Approved,No
LN102299,38,Salaried,300500,789,Medical,344000,12,2,28.6,11.8,East,Rejected,No
LN102300,55,Self-Employed,1562700,689,Medical,1227000,36,0,40.1,11.83,South,Rejected,No
LN102301,51,Student,189592,694,Personal,29000,60,2,40.4,12.57,East,Approved,No
LN102302,32,Business Owner,1856000,702,Medical,888000,48,2,49.0,13.14,Central,Rejected,No
LN102303,58,Salaried,1272500,774,Medical,1806000,24,0,48.1,10.83,South,Rejected,No
LN102304,29,Salaried,419100,651,Home,219000,60,1,31.2,12.77,South,Approved,No
LN102305,57,Salaried,620300,589,Personal,924000,12,0,20.7,12.89,North,Rejected,No
LN102306,33,Salaried,694700,721,Home,621000,60,3,22.1,12.93,Central,Approved,No
LN102307,42,Self-Employed,1504800,567,Education,1360000,60,2,35.6,13.57,South,Rejected,No
LN102308,29,Salaried,826800,680,Education,1166000,60,0,33.9,11.94,North,Rejected,No
LN102309,51,Self-Employed,716200,777,Vehicle,538000,36,2,35.1,11.28,East,Approved,No
LN102310,33,Business Owner,582300,738,Home,294000,12,3,25.6,12.98,East,Rejected,No
LN102311,55,Student,247792,768,Education,69000,72,0,49.2,11.66,South,Rejected,No
LN102312,24,Salaried,1332100,740,Home,1655000,84,1,14.3,11.67,East,Approved,No
LN102313,41,Salaried,651300,850,Personal,585000,48,1,24.9,10.48,East,Approved,No
LN102314,27,Salaried,523100,662,Business,772000,12,2,19.1,12.76,North,Rejected,No
LN102315,56,Salaried,476500,726,Medical,418000,60,1,29.5,12.55,South,Approved,No
LN102316,37,Salaried,479300,672,Vehicle,386000,36,1,47.0,12.61,West,Rejected,No
LN102317,47,Salaried,300600,762,Education,183000,24,1,28.5,11.16,South,Approved,No
LN102318,56,Business Owner,430200,696,Business,189000,24,1,33.2,11.79,Central,Approved,No
LN102319,42,Salaried,1481900,812,Home,2240000,24,1,40.0,10.12,South,Approved,No
LN102320,23,Business Owner,580200,665,Medical,152000,36,3,28.0,12.28,East,Rejected,No
LN102321,29,Salaried,957600,791,Personal,1564000,36,2,36.6,11.47,West,Approved,No
LN102322,29,Salaried,166300,739,Personal,25000,72,1,35.0,11.22,East,Approved,No
LN102323,57,Salaried,888500,698,Home,878000,48,0,18.4,10.42,North,Approved,No
LN102324,57,Salaried,594800,735,Home,118000,48,1,26.4,11.75,East,Approved,No
LN102325,40,Salaried,498800,717,Personal,711000,24,1,36.3,12.23,Central,Rejected,No
LN102326,56,Student,140665,723,Vehicle,65000,72,0,47.4,12.5,South,Rejected,No
LN102327,30,Salaried,494900,687,Business,526000,12,0,47.4,11.82,North,Rejected,No
LN102328,48,Salaried,202100,654,Personal,335000,36,2,57.1,13.3,North,Rejected,No
LN102329,36,Self-Employed,1079500,678,Vehicle,1299000,60,2,37.8,12.22,South,Approved,No
LN102330,30,Salaried,743000,591,Education,300000,60,1,27.0,13.38,North,Approved,No
LN102331,31,Self-Employed,546900,755,Vehicle,795000,72,1,31.2,10.88,West,Approved,No
LN102332,37,Salaried,382100,620,Home,325000,48,2,30.6,13.44,Central,Approved,No
LN102333,34,Business Owner,289600,686,Personal,35000,36,1,27.1,13.07,Central,Rejected,No
LN102334,29,Salaried,735200,742,Personal,682000,36,2,36.6,11.89,South,Rejected,No
LN102335,34,Salaried,1578700,755,Business,2338000,60,1,37.2,12.0,South,Approved,No
LN102336,26,Self-Employed,726800,585,Vehicle,604000,36,1,17.9,13.14,South,Rejected,No
LN102337,59,Business Owner,303800,694,Education,422000,36,2,45.1,11.68,North,Rejected,No
LN102338,36,Salaried,735700,730,Business,956000,12,0,10.0,10.89,East,Approved,No
LN102339,25,Self-Employed,631200,703,Personal,553000,84,0,29.3,12.06,North,Approved,Yes
LN102340,44,Salaried,1045400,787,Personal,679000,12,0,45.8,13.09,North,Rejected,No
LN102341,56,Salaried,907500,647,Personal,1212000,36,0,39.3,11.79,Central,Rejected,No
LN102342,35,Salaried,125800,567,Business,91000,84,1,27.7,14.13,West,Rejected,No
LN102343,54,Self-Employed,877300,753,Education,341000,60,1,55.6,12.06,Central,Approved,No
LN102344,45,Salaried,374300,665,Vehicle,242000,60,2,26.7,12.15,South,Rejected,No
LN102345,50,Self-Employed,297400,586,Business,473000,60,0,8.0,13.19,Central,Rejected,No
LN102346,32,Salaried,586000,690,Home,341000,24,1,37.4,13.66,South,Rejected,No
LN102347,22,Business Owner,814900,780,Business,407000,72,1,10.7,11.15,North,Rejected,No
LN102348,34,Business Owner,263600,618,Vehicle,86000,36,1,22.0,13.25,South,Rejected,No
LN102349,57,Salaried,957700,850,Home,186000,84,2,39.5,10.37,East,Rejected,No
LN102350,52,Salaried,989100,646,Home,1741000,36,4,26.5,11.95,South,Rejected,No
LN102351,52,Salaried,667000,706,Business,675000,60,0,39.0,11.21,West,Rejected,No
LN102352,56,Business Owner,403300,621,Business,541000,60,0,18.1,11.95,South,Rejected,No
LN102353,35,Salaried,379300,703,Education,536000,24,1,42.3,12.65,Central,Rejected,No
LN102354,33,Self-Employed,1142800,691,Home,799000,36,2,11.7,11.74,North,Approved,No
LN102355,58,Salaried,283100,603,Education,413000,60,1,47.8,14.4,West,Rejected,No
LN102356,43,Business Owner,1167300,850,Education,2025000,36,1,26.3,12.12,Central,Approved,No
LN102357,32,Salaried,593500,668,Personal,808000,84,2,50.4,12.65,East,Approved,No
LN102358,32,Salaried,616600,668,Education,808000,36,2,21.9,11.55,Central,Rejected,No
LN102359,56,Student,187608,763,Education,157000,60,3,55.1,12.91,West,Rejected,No
LN102360,23,Salaried,599600,818,Home,918000,60,1,20.5,11.68,North,Approved,No
LN102361,23,Business Owner,910900,773,Personal,229000,48,1,10.5,11.21,West,Approved,No
LN102362,50,Salaried,311700,622,Personal,428000,60,1,32.5,13.16,West,Approved,No
LN102363,21,Salaried,855100,714,Personal,612000,60,0,46.8,12.67,North,Approved,No
LN102364,27,Business Owner,682600,578,Personal,725000,60,1,41.5,12.55,South,Rejected,No
LN102365,60,Self-Employed,456200,759,Medical,738000,60,2,46.0,11.05,North,Approved,No
LN102366,38,Self-Employed,1040100,594,Vehicle,1174000,60,1,41.7,13.08,South,Rejected,No
LN102367,50,Salaried,193600,648,Business,28000,48,0,22.2,12.06,Central,Rejected,No
LN102368,40,Salaried,786500,700,Personal,1045000,12,2,41.2,12.45,Central,Approved,No
LN102369,24,Salaried,1583900,729,Home,2660000,24,1,33.1,11.73,West,Approved,No
LN102370,28,Self-Employed,1435000,683,Business,1710000,60,3,23.5,10.76,South,Approved,No
LN102371,51,Salaried,805400,799,Personal,1260000,84,0,34.2,9.81,South,Rejected,No
LN102372,24,Salaried,550600,747,Personal,828000,12,2,31.3,12.15,North,Rejected,No
LN102373,44,Salaried,458200,742,Home,717000,60,0,49.0,11.65,South,Approved,No
LN102374,34,Salaried,550200,620,Vehicle,377000,36,0,25.8,12.35,West,Approved,No
LN102375,35,Salaried,876600,810,Business,794000,60,1,25.3,10.59,East,Approved,No
LN102376,59,Salaried,417000,648,Education,643000,60,1,23.6,11.59,East,Approved,No
LN102377,45,Business Owner,985900,813,Home,1624000,60,3,54.8,11.03,North,Approved,No
LN102378,45,Self-Employed,2101100,831,Education,735000,60,0,24.3,11.5,Central,Approved,No
LN102379,35,Salaried,628200,733,Vehicle,257000,60,0,47.6,11.98,South,Rejected,No
LN102380,36,Self-Employed,310300,767,Business,214000,12,0,19.6,11.62,South,Approved,No
LN102381,48,Business Owner,310200,500,Personal,437000,60,2,38.1,14.32,South,Rejected,No
LN102382,22,Salaried,996300,687,Medical,1582000,36,1,35.2,12.43,South,Approved,No
LN102383,30,Salaried,629000,772,Vehicle,683000,84,2,46.8,12.38,East,Approved,No
LN102384,45,Salaried,1052800,760,Vehicle,308000,60,0,45.1,11.88,East,Rejected,No
LN102385,45,Salaried,484700,621,Education,299000,24,1,33.0,13.64,East,Rejected,No
LN102386,24,Business Owner,1026400,681,Education,1598000,36,1,25.6,12.59,North,Approved,No
LN102387,52,Student,65866,535,Personal,46000,48,2,51.5,14.5,Central,Rejected,No
LN102388,42,Salaried,434500,727,Home,119000,84,0,24.4,10.96,West,Rejected,No
LN102389,30,Business Owner,521400,578,Education,320000,24,1,5.0,12.51,Central,Rejected,No
LN102390,51,Salaried,336500,773,Business,495000,60,1,9.7,9.6,North,Approved,No
LN102391,60,Self-Employed,1941300,777,Personal,1823000,36,1,12.6,11.9,Central,Approved,No
LN102392,37,Business Owner,616400,669,Home,241000,60,2,39.1,12.01,West,Approved,No
LN102393,32,Salaried,926500,734,Personal,585000,60,0,58.6,12.08,East,Approved,No
LN102394,32,Salaried,483800,686,Personal,833000,36,0,7.5,10.57,North,Approved,No
LN102395,44,Self-Employed,364500,716,Business,304000,60,0,22.6,11.64,South,Approved,No
LN102396,22,Student,192676,625,Personal,164000,24,0,33.1,12.46,West,Rejected,No
LN102397,40,Salaried,1191100,740,Home,429000,72,1,50.5,13.44,South,Rejected,No
LN102398,21,Salaried,488100,593,Education,302000,36,4,22.5,13.24,West,Rejected,No
LN102399,22,Salaried,402700,581,Education,598000,60,1,39.1,12.79,West,Rejected,No
LN102400,38,Self-Employed,708000,692,Personal,1017000,36,0,29.0,10.85,West,Rejected,No
LN102401,50,Self-Employed,855300,686,Personal,719000,60,2,63.3,11.32,South,Approved,No
LN102402,56,Business Owner,1604500,718,Personal,2598000,36,1,33.7,11.21,Central,Rejected,No
LN102403,24,Business Owner,789600,658,Personal,589000,60,1,36.3,11.54,South,Approved,No
LN102404,30,Business Owner,926300,823,Vehicle,1454000,12,2,33.0,11.31,West,Approved,No
LN102405,37,Business Owner,965400,710,Home,148000,36,3,27.0,11.72,South,Approved,No
LN102406,43,Salaried,344700,715,Education,238000,72,1,43.4,12.2,South,Rejected,No
LN102407,60,Self-Employed,382700,713,Vehicle,595000,48,3,18.1,10.91,South,Rejected,No
LN102408,48,Salaried,358100,765,Personal,585000,48,0,8.0,11.01,West,Approved,No
LN102409,42,Salaried,312400,737,Medical,433000,60,0,30.2,10.69,East,Approved,No
LN102410,23,Business Owner,1006700,729,Education,1247000,48,0,41.8,11.98,North,Rejected,No
LN102411,24,Self-Employed,762400,748,Personal,1133000,72,0,25.0,12.05,North,Approved,No
LN102412,27,Student,126841,581,Home,165000,48,1,34.2,12.78,West,Rejected,No
LN102413,47,Salaried,156200,584,Personal,83000,84,2,17.4,12.9,South,Approved,No
LN102414,34,Self-Employed,2013200,695,Home,1797000,72,1,44.8,11.0,North,Rejected,No
LN102415,30,Salaried,397500,687,Personal,486000,48,0,39.8,10.88,West,Rejected,No
LN102416,47,Salaried,2009200,738,Home,2209000,36,1,32.2,11.96,South,Rejected,No
LN102417,53,Salaried,292900,701,Home,470000,60,1,34.0,12.8,North,Rejected,No
LN102418,38,Self-Employed,415800,738,Personal,377000,60,1,15.3,11.14,South,Approved,No
LN102419,56,Salaried,193500,619,Vehicle,78000,24,2,15.8,13.77,East,Rejected,No
LN102420,50,Business Owner,793300,699,Vehicle,369000,36,1,30.5,10.99,East,Rejected,No
LN102421,49,Salaried,354700,613,Education,546000,24,1,38.2,12.4,North,Approved,Yes
LN102422,55,Salaried,360300,725,Medical,41000,60,0,38.8,12.09,South,Rejected,No
LN102423,28,Business Owner,305500,578,Education,482000,60,2,27.6,13.22,South,Approved,No
LN102424,51,Salaried,996800,723,Personal,194000,24,1,40.9,11.65,South,Approved,No
LN102425,59,Business Owner,961300,605,Business,736000,60,1,49.0,12.47,North,Rejected,No
LN102426,60,Self-Employed,1760900,675,Personal,2571000,60,1,30.9,12.63,South,Rejected,No
LN102427,44,Salaried,445800,758,Vehicle,353000,84,1,35.7,11.75,West,Rejected,No
LN102428,51,Self-Employed,733100,715,Personal,1098000,24,1,29.5,11.6,North,Approved,No
LN102429,56,Self-Employed,319800,593,Home,87000,36,2,30.5,13.19,Central,Approved,Yes
LN102430,55,Business Owner,540600,656,Personal,524000,36,3,34.0,12.33,Central,Approved,No
LN102431,56,Business Owner,488600,602,Vehicle,533000,60,0,52.4,13.22,South,Rejected,No
LN102432,54,Self-Employed,839200,590,Business,1355000,24,2,43.0,13.06,West,Rejected,No
LN102433,36,Self-Employed,1137200,708,Business,295000,24,0,41.9,11.63,East,Rejected,No
LN102434,50,Salaried,1121100,736,Home,757000,60,1,26.6,10.96,North,Approved,No
LN102435,37,Self-Employed,408900,729,Home,499000,60,2,21.2,11.16,South,Approved,No
LN102436,53,Student,68653,739,Vehicle,121000,24,1,36.7,11.85,Central,Approved,No
LN102437,53,Self-Employed,634400,699,Personal,978000,36,1,46.9,11.1,North,Approved,No
LN102438,58,Self-Employed,543700,682,Vehicle,837000,24,2,52.7,13.35,East,Rejected,No
LN102439,44,Salaried,440200,630,Personal,431000,36,2,5.0,11.92,East,Approved,No
LN102440,40,Business Owner,477700,671,Personal,506000,48,1,61.4,12.25,North,Approved,No
LN102441,27,Student,176691,614,Medical,276000,24,0,37.0,13.97,East,Rejected,No
LN102442,46,Salaried,769700,645,Vehicle,1215000,12,1,42.9,12.77,Central,Approved,No
LN102443,43,Salaried,715500,706,Home,1047000,72,3,11.1,10.52,North,Approved,No
LN102444,41,Self-Employed,562700,692,Education,839000,72,3,29.2,13.12,North,Rejected,No
LN102445,48,Salaried,2495500,850,Personal,3981000,12,1,41.9,12.02,South,Approved,No
LN102446,55,Self-Employed,1332400,613,Education,391000,60,1,17.9,11.73,West,Approved,Yes
LN102447,26,Salaried,437200,692,Education,261000,24,0,5.0,11.19,East,Approved,No
LN102448,38,Salaried,559200,607,Vehicle,984000,72,1,36.0,12.55,East,Approved,No
LN102449,49,Self-Employed,577700,675,Personal,593000,72,0,31.4,10.89,West,Rejected,No
LN102450,53,Self-Employed,704300,677,Medical,282000,60,2,49.3,12.87,Central,Rejected,No
LN102451,52,Self-Employed,442000,755,Vehicle,422000,60,3,30.1,12.13,North,Approved,No
LN102452,52,Self-Employed,827400,671,Home,991000,36,1,31.0,12.69,West,Rejected,No
LN102453,55,Self-Employed,1444600,688,Vehicle,2178000,36,2,40.4,12.35,South,Approved,No
LN102454,59,Business Owner,315600,672,Vehicle,467000,48,4,44.4,13.22,North,Rejected,No
LN102455,45,Self-Employed,349500,609,Medical,64000,24,1,23.5,11.75,South,Rejected,No
LN102456,30,Self-Employed,498300,658,Vehicle,434000,60,0,43.3,13.92,South,Rejected,No
LN102457,43,Self-Employed,511200,675,Personal,69000,48,0,25.7,11.53,Central,Rejected,No
LN102458,49,Salaried,1951100,705,Medical,3141000,24,2,32.2,11.53,East,Approved,No
LN102459,25,Salaried,1127700,736,Personal,446000,60,2,40.0,11.53,East,Rejected,No
LN102460,51,Self-Employed,1092600,685,Education,1270000,60,0,42.1,11.94,North,Approved,No
LN102461,42,Business Owner,562000,684,Personal,601000,60,1,35.8,12.11,North,Approved,No
LN102462,58,Self-Employed,555300,588,Vehicle,646000,60,0,19.0,12.43,Central,Approved,No
LN102463,29,Salaried,292500,735,Vehicle,309000,72,1,9.6,11.28,West,Approved,No
LN102464,57,Self-Employed,999200,655,Medical,1315000,12,1,29.7,11.75,East,Approved,No
LN102465,38,Salaried,851500,749,Education,991000,60,1,43.7,12.04,North,Rejected,No
LN102466,43,Self-Employed,1318500,786,Vehicle,334000,48,1,37.4,10.71,North,Approved,No
LN102467,47,Business Owner,578800,688,Home,419000,24,0,34.9,12.71,Central,Approved,No
LN102468,44,Self-Employed,601200,633,Home,619000,84,0,31.9,13.06,North,Approved,No
LN102469,57,Self-Employed,713700,699,Personal,466000,48,0,35.7,12.12,South,Approved,No
LN102470,27,Salaried,1061600,723,Business,1478000,36,1,20.1,11.09,West,Approved,No
LN102471,50,Salaried,289600,679,Personal,185000,24,0,41.4,12.65,Central,Approved,No
LN102472,59,Business Owner,974400,663,Vehicle,1470000,84,0,42.2,11.95,North,Rejected,No
LN102473,29,Self-Employed,642700,737,Home,225000,72,2,27.7,11.65,West,Approved,No
LN102474,31,Salaried,363100,732,Vehicle,511000,12,1,37.2,11.79,South,Approved,No
LN102475,40,Salaried,206500,677,Personal,85000,60,0,11.4,13.53,West,Approved,No
LN102476,49,Salaried,603000,592,Business,602000,24,1,34.2,12.09,North,Rejected,No
LN102477,59,Salaried,1441200,730,Personal,929000,60,1,30.4,9.88,Central,Approved,No
LN102478,52,Salaried,1632800,650,Business,1932000,48,2,47.1,12.36,West,Rejected,No
LN102479,52,Salaried,790300,714,Business,365000,24,1,29.6,10.65,Central,Rejected,No
LN102480,38,Student,234711,710,Vehicle,341000,60,0,42.4,11.7,East,Rejected,No
LN102481,46,Salaried,634800,577,Personal,682000,84,0,27.3,11.98,Central,Rejected,No
LN102482,29,Salaried,1098000,705,Personal,1897000,36,1,5.0,10.68,East,Approved,No
LN102483,39,Salaried,507100,733,Medical,664000,12,2,29.3,10.95,East,Rejected,No
LN102484,28,Salaried,489800,741,Vehicle,555000,84,1,34.4,12.43,North,Approved,No
LN102485,22,Business Owner,447800,708,Personal,676000,24,1,33.8,11.97,West,Approved,No
LN102486,55,Salaried,209300,571,Vehicle,99000,48,1,34.0,13.86,South,Rejected,No
LN102487,53,Business Owner,1319300,783,Personal,1551000,60,2,25.9,11.24,East,Rejected,No
LN102488,41,Business Owner,456700,727,Medical,349000,36,1,28.1,12.36,West,Approved,No
LN102489,21,Salaried,418300,622,Medical,571000,24,1,18.5,12.1,West,Rejected,No
LN102490,24,Self-Employed,339700,649,Home,48000,24,1,8.0,12.95,East,Rejected,No
LN102491,25,Student,73971,715,Education,61000,12,0,30.7,12.2,East,Rejected,No
LN102492,49,Salaried,1714500,744,Business,2071000,60,0,23.1,10.9,East,Rejected,No
LN102493,29,Salaried,2056100,668,Personal,1816000,72,0,45.0,13.04,East,Rejected,No
LN102494,31,Business Owner,260700,754,Medical,132000,24,2,5.8,10.96,South,Approved,No
LN102495,55,Business Owner,534900,583,Education,476000,60,1,35.5,12.91,West,Rejected,No
LN102496,56,Self-Employed,368000,632,Business,568000,48,4,57.5,13.27,West,Approved,No
LN102497,51,Self-Employed,1119400,566,Personal,506000,12,2,29.8,13.57,East,Rejected,No
LN102498,33,Salaried,761000,642,Home,551000,60,1,32.0,11.01,North,Rejected,No
LN102499,44,Business Owner,458000,798,Home,817000,36,1,37.1,11.12,South,Approved,No
LN102500,29,Salaried,676500,834,Personal,1117000,60,1,38.1,11.58,West,Approved,No
